card_id;mtr_code;ksm_code;item_type;subtype;name;designation;dn;outer_diameter;wall_thickness;d1;d2;angle;pn;steel_grade;strength_class;medium;medium_compatibility_status;h2s_confirmed;co2_confirmed;inner_coating;outer_coating;climate_version;gost_tu;standard;stock_qty;unit;synthetic
SYN-REG-CARD-000001;MTR-SYN-REG-000001;KSM-SYN-REG-000001;труба;бесшовная горячедеформированная;Труба бесшовная горячедеформированная 530x16 09ГСФ;Труба бесшовная горячедеформированная 530x16 09ГСФ;500;530;16;;;;160;09ГСФ;К56;газ с H2S и CO2;requires_tu_lnd_passport;;;;True;ХЛ;ГОСТ 8731-2025;ГОСТ 8731-2025;19;pcs;True
SYN-REG-CARD-000002;MTR-SYN-REG-000002;KSM-SYN-REG-000002;труба;бесшовная горячедеформированная;Труба бесшовная горячедеформированная 133x6 13ХФА;Труба бесшовная горячедеформированная 133x6 13ХФА;125;133;6;;;;16;13ХФА;К48;нефть;requires_project_and_passport;;;False;False;ХЛ;ГОСТ 8731-2025;ГОСТ 8731-2025;49;pcs;True
SYN-REG-CARD-000003;MTR-SYN-REG-000003;KSM-SYN-REG-000003;труба;бесшовная горячедеформированная;Труба бесшовная горячедеформированная 89x6 09Г2С;Труба бесшовная горячедеформированная 89x6 09Г2С;80;89;6;;;;40;09Г2С;К52;природный газ;requires_project_and_passport;;;False;;УХЛ;ГОСТ 8731-2025;ГОСТ 8731-2025;13;pcs;True
SYN-REG-CARD-000004;MTR-SYN-REG-000004;KSM-SYN-REG-000004;труба;бесшовная горячедеформированная;Труба бесшовная горячедеформированная 219x10 13ХФА;Труба бесшовная горячедеформированная 219x10 13ХФА;200;219;10;;;;25;13ХФА;К48;природный газ;requires_project_and_passport;;;False;True;У;ГОСТ 8731-2025;ГОСТ 8731-2025;52;pcs;True
SYN-REG-CARD-000005;MTR-SYN-REG-000005;KSM-SYN-REG-000005;труба;бесшовная горячедеформированная;Труба бесшовная горячедеформированная 89x6 09Г2С;Труба бесшовная горячедеформированная 89x6 09Г2С;80;89;6;;;;25;09Г2С;К52;нефть;requires_project_and_passport;;;False;False;ХЛ;ГОСТ 8731-2025;ГОСТ 8731-2025;50;pcs;True
SYN-REG-CARD-000006;MTR-SYN-REG-000006;KSM-SYN-REG-000006;труба;бесшовная горячедеформированная;Труба бесшовная горячедеформированная 377x12 20;Труба бесшовная горячедеформированная 377x12 20;350;377;12;;;;40;20;К48;коррозионно-активная среда;requires_tu_lnd_passport;;;;True;УХЛ;ГОСТ 8731-2025;ГОСТ 8731-2025;44;pcs;True
SYN-REG-CARD-000007;MTR-SYN-REG-000007;KSM-SYN-REG-000007;труба;бесшовная горячедеформированная;Труба бесшовная горячедеформированная 530x16 09ГСФ;Труба бесшовная горячедеформированная 530x16 09ГСФ;500;530;16;;;;40;09ГСФ;К42;нефть;requires_project_and_passport;;;True;True;ХЛ;ГОСТ 8731-2025;ГОСТ 8731-2025;37;pcs;True
SYN-REG-CARD-000008;MTR-SYN-REG-000008;KSM-SYN-REG-000008;труба;бесшовная горячедеформированная;Труба бесшовная горячедеформированная 108x6 20;Труба бесшовная горячедеформированная 108x6 20;100;108;6;;;;25;20;К42;газ с H2S;requires_tu_lnd_passport;;;False;True;УХЛ;ГОСТ 8731-2025;ГОСТ 8731-2025;73;pcs;True
SYN-REG-CARD-000009;MTR-SYN-REG-000009;KSM-SYN-REG-000009;труба;бесшовная горячедеформированная;Труба бесшовная горячедеформированная 89x6 09ГСФ;Труба бесшовная горячедеформированная 89x6 09ГСФ;80;89;6;;;;25;09ГСФ;К56;коррозионно-активная среда;requires_tu_lnd_passport;;;;False;УХЛ;ГОСТ 8731-2025;ГОСТ 8731-2025;20;pcs;True
SYN-REG-CARD-000010;MTR-SYN-REG-000010;KSM-SYN-REG-000010;труба;бесшовная горячедеформированная;Труба бесшовная горячедеформированная 89x6 13ХФА;Труба бесшовная горячедеформированная 89x6 13ХФА;80;89;6;;;;16;13ХФА;К48;природный газ;requires_project_and_passport;;;False;True;У;ГОСТ 8731-2025;ГОСТ 8731-2025;47;pcs;True
SYN-REG-CARD-000011;MTR-SYN-REG-000011;KSM-SYN-REG-000011;труба;бесшовная горячедеформированная;Труба бесшовная горячедеформированная 89x6 13ХФА;Труба бесшовная горячедеформированная 89x6 13ХФА;80;89;6;;;;25;13ХФА;К52;газ с H2S;requires_tu_lnd_passport;;;False;True;ХЛ;ГОСТ 8731-2025;ГОСТ 8731-2025;19;pcs;True
SYN-REG-CARD-000012;MTR-SYN-REG-000012;KSM-SYN-REG-000012;труба;бесшовная горячедеформированная;Труба бесшовная горячедеформированная 219x10 20;Труба бесшовная горячедеформированная 219x10 20;200;219;10;;;;25;20;К52;нефть;requires_project_and_passport;;;True;True;У;ГОСТ 8731-2025;ГОСТ 8731-2025;20;pcs;True
SYN-REG-CARD-000013;MTR-SYN-REG-000013;KSM-SYN-REG-000013;труба;бесшовная горячедеформированная;Труба бесшовная горячедеформированная 57x4 13ХФА;Труба бесшовная горячедеформированная 57x4 13ХФА;50;57;4;;;;25;13ХФА;К52;газ с H2S;requires_tu_lnd_passport;;;False;True;УХЛ;ГОСТ 8731-2025;ГОСТ 8731-2025;60;pcs;True
SYN-REG-CARD-000014;MTR-SYN-REG-000014;KSM-SYN-REG-000014;труба;бесшовная горячедеформированная;Труба бесшовная горячедеформированная 273x10 13ХФА;Труба бесшовная горячедеформированная 273x10 13ХФА;250;273;10;;;;100;13ХФА;К52;газ с CO2;requires_tu_lnd_passport;;;False;False;УХЛ;ГОСТ 8731-2025;ГОСТ 8731-2025;26;pcs;True
SYN-REG-CARD-000015;MTR-SYN-REG-000015;KSM-SYN-REG-000015;труба;бесшовная горячедеформированная;Труба бесшовная горячедеформированная 108x6 13ХФА;Труба бесшовная горячедеформированная 108x6 13ХФА;100;108;6;;;;63;13ХФА;К52;газ с CO2;requires_tu_lnd_passport;;;True;;У;ГОСТ 8731-2025;ГОСТ 8731-2025;11;pcs;True
SYN-REG-CARD-000016;MTR-SYN-REG-000016;KSM-SYN-REG-000016;труба;бесшовная горячедеформированная;Труба бесшовная горячедеформированная 89x6 09Г2С;Труба бесшовная горячедеформированная 89x6 09Г2С;80;89;6;;;;40;09Г2С;К48;нефть;requires_project_and_passport;;;True;True;ХЛ;ГОСТ 8731-2025;ГОСТ 8731-2025;20;pcs;True
SYN-REG-CARD-000017;MTR-SYN-REG-000017;KSM-SYN-REG-000017;труба;бесшовная горячедеформированная;Труба бесшовная горячедеформированная 108x6 09ГСФ;Труба бесшовная горячедеформированная 108x6 09ГСФ;100;108;6;;;;25;09ГСФ;К56;газ с H2S и CO2;requires_tu_lnd_passport;;;False;;У;ГОСТ 8731-2025;ГОСТ 8731-2025;12;pcs;True
SYN-REG-CARD-000018;MTR-SYN-REG-000018;KSM-SYN-REG-000018;труба;бесшовная горячедеформированная;Труба бесшовная горячедеформированная 133x6 13ХФА;Труба бесшовная горячедеформированная 133x6 13ХФА;125;133;6;;;;40;13ХФА;К42;нефть;requires_project_and_passport;;;True;True;ХЛ;ГОСТ 8731-2025;ГОСТ 8731-2025;56;pcs;True
SYN-REG-CARD-000019;MTR-SYN-REG-000019;KSM-SYN-REG-000019;труба;бесшовная горячедеформированная;Труба бесшовная горячедеформированная 76x5 09ГСФ;Труба бесшовная горячедеформированная 76x5 09ГСФ;65;76;5;;;;160;09ГСФ;К42;природный газ;requires_project_and_passport;;;True;True;УХЛ;ГОСТ 8731-2025;ГОСТ 8731-2025;41;pcs;True
SYN-REG-CARD-000020;MTR-SYN-REG-000020;KSM-SYN-REG-000020;труба;бесшовная горячедеформированная;Труба бесшовная горячедеформированная 159x8 09Г2С;Труба бесшовная горячедеформированная 159x8 09Г2С;150;159;8;;;;160;09Г2С;К42;газ с H2S;requires_tu_lnd_passport;;;False;True;У;ГОСТ 8731-2025;ГОСТ 8731-2025;80;pcs;True
SYN-REG-CARD-000021;MTR-SYN-REG-000021;KSM-SYN-REG-000021;труба;бесшовная горячедеформированная;Труба бесшовная горячедеформированная 426x14 09ГСФ;Труба бесшовная горячедеформированная 426x14 09ГСФ;400;426;14;;;;63;09ГСФ;К48;газ с H2S и CO2;requires_tu_lnd_passport;;;False;True;ХЛ;ГОСТ 8731-2025;ГОСТ 8731-2025;40;pcs;True
SYN-REG-CARD-000022;MTR-SYN-REG-000022;KSM-SYN-REG-000022;труба;бесшовная горячедеформированная;Труба бесшовная горячедеформированная 325x12 20;Труба бесшовная горячедеформированная 325x12 20;300;325;12;;;;100;20;К56;газ с H2S;requires_tu_lnd_passport;;;False;True;ХЛ;ГОСТ 8731-2025;ГОСТ 8731-2025;35;pcs;True
SYN-REG-CARD-000023;MTR-SYN-REG-000023;KSM-SYN-REG-000023;труба;бесшовная горячедеформированная;Труба бесшовная горячедеформированная 133x6 13ХФА;Труба бесшовная горячедеформированная 133x6 13ХФА;125;133;6;;;;16;13ХФА;К56;нефть;requires_project_and_passport;;;True;True;УХЛ;ГОСТ 8731-2025;ГОСТ 8731-2025;64;pcs;True
SYN-REG-CARD-000024;MTR-SYN-REG-000024;KSM-SYN-REG-000024;труба;бесшовная горячедеформированная;Труба бесшовная горячедеформированная 108x6 13ХФА;Труба бесшовная горячедеформированная 108x6 13ХФА;100;108;6;;;;160;13ХФА;К42;газ с CO2;requires_tu_lnd_passport;;;False;True;ХЛ;ГОСТ 8731-2025;ГОСТ 8731-2025;36;pcs;True
SYN-REG-CARD-000025;MTR-SYN-REG-000025;KSM-SYN-REG-000025;труба;бесшовная горячедеформированная;Труба бесшовная горячедеформированная 159x8 09ГСФ;Труба бесшовная горячедеформированная 159x8 09ГСФ;150;159;8;;;;63;09ГСФ;К42;техническая вода;requires_project_and_passport;;;True;True;УХЛ;ГОСТ 8731-2025;ГОСТ 8731-2025;20;pcs;True
SYN-REG-CARD-000026;MTR-SYN-REG-000026;KSM-SYN-REG-000026;труба;бесшовная горячедеформированная;Труба бесшовная горячедеформированная 530x16 09Г2С;Труба бесшовная горячедеформированная 530x16 09Г2С;500;530;16;;;;100;09Г2С;К48;коррозионно-активная среда;requires_tu_lnd_passport;;;False;True;ХЛ;ГОСТ 8731-2025;ГОСТ 8731-2025;35;pcs;True
SYN-REG-CARD-000027;MTR-SYN-REG-000027;KSM-SYN-REG-000027;труба;бесшовная горячедеформированная;Труба бесшовная горячедеформированная 325x12 13ХФА;Труба бесшовная горячедеформированная 325x12 13ХФА;300;325;12;;;;63;13ХФА;К48;газ с H2S и CO2;requires_tu_lnd_passport;;;False;True;ХЛ;ГОСТ 8731-2025;ГОСТ 8731-2025;3;pcs;True
SYN-REG-CARD-000028;MTR-SYN-REG-000028;KSM-SYN-REG-000028;труба;бесшовная горячедеформированная;Труба бесшовная горячедеформированная 159x8 09ГСФ;Труба бесшовная горячедеформированная 159x8 09ГСФ;150;159;8;;;;100;09ГСФ;К56;газ с H2S и CO2;requires_tu_lnd_passport;;;True;True;ХЛ;ГОСТ 8731-2025;ГОСТ 8731-2025;79;pcs;True
SYN-REG-CARD-000029;MTR-SYN-REG-000029;KSM-SYN-REG-000029;труба;бесшовная горячедеформированная;Труба бесшовная горячедеформированная 273x10 13ХФА;Труба бесшовная горячедеформированная 273x10 13ХФА;250;273;10;;;;100;13ХФА;К56;газ с CO2;requires_tu_lnd_passport;;;False;True;У;ГОСТ 8731-2025;ГОСТ 8731-2025;75;pcs;True
SYN-REG-CARD-000030;MTR-SYN-REG-000030;KSM-SYN-REG-000030;труба;бесшовная горячедеформированная;Труба бесшовная горячедеформированная 530x16 20;Труба бесшовная горячедеформированная 530x16 20;500;530;16;;;;160;20;К42;техническая вода;requires_project_and_passport;;;True;True;ХЛ;ГОСТ 8731-2025;ГОСТ 8731-2025;19;pcs;True
SYN-REG-CARD-000031;MTR-SYN-REG-000031;KSM-SYN-REG-000031;труба;бесшовная горячедеформированная;Труба бесшовная горячедеформированная 89x6 20;Труба бесшовная горячедеформированная 89x6 20;80;89;6;;;;40;20;К52;коррозионно-активная среда;requires_tu_lnd_passport;;;False;True;ХЛ;ГОСТ 8731-2025;ГОСТ 8731-2025;38;pcs;True
SYN-REG-CARD-000032;MTR-SYN-REG-000032;KSM-SYN-REG-000032;труба;бесшовная горячедеформированная;Труба бесшовная горячедеформированная 108x6 13ХФА;Труба бесшовная горячедеформированная 108x6 13ХФА;100;108;6;;;;63;13ХФА;К56;газ с H2S;requires_tu_lnd_passport;;;True;True;УХЛ;ГОСТ 8731-2025;ГОСТ 8731-2025;31;pcs;True
SYN-REG-CARD-000033;MTR-SYN-REG-000033;KSM-SYN-REG-000033;труба;бесшовная горячедеформированная;Труба бесшовная горячедеформированная 377x12 13ХФА;Труба бесшовная горячедеформированная 377x12 13ХФА;350;377;12;;;;25;13ХФА;К48;газ с H2S;requires_tu_lnd_passport;;;True;True;У;ГОСТ 8731-2025;ГОСТ 8731-2025;56;pcs;True
SYN-REG-CARD-000034;MTR-SYN-REG-000034;KSM-SYN-REG-000034;труба;бесшовная горячедеформированная;Труба бесшовная горячедеформированная 273x10 09ГСФ;Труба бесшовная горячедеформированная 273x10 09ГСФ;250;273;10;;;;25;09ГСФ;К56;газ с H2S;requires_tu_lnd_passport;;;False;False;УХЛ;ГОСТ 8731-2025;ГОСТ 8731-2025;18;pcs;True
SYN-REG-CARD-000035;MTR-SYN-REG-000035;KSM-SYN-REG-000035;труба;бесшовная горячедеформированная;Труба бесшовная горячедеформированная 133x6 09ГСФ;Труба бесшовная горячедеформированная 133x6 09ГСФ;125;133;6;;;;16;09ГСФ;К56;техническая вода;requires_project_and_passport;;;False;True;У;ГОСТ 8731-2025;ГОСТ 8731-2025;41;pcs;True
SYN-REG-CARD-000036;MTR-SYN-REG-000036;KSM-SYN-REG-000036;труба;бесшовная горячедеформированная;Труба бесшовная горячедеформированная 377x12 13ХФА;Труба бесшовная горячедеформированная 377x12 13ХФА;350;377;12;;;;25;13ХФА;К48;газ с CO2;requires_tu_lnd_passport;;;False;True;У;ГОСТ 8731-2025;ГОСТ 8731-2025;40;pcs;True
SYN-REG-CARD-000037;MTR-SYN-REG-000037;KSM-SYN-REG-000037;труба;бесшовная горячедеформированная;Труба бесшовная горячедеформированная 377x12 09ГСФ;Труба бесшовная горячедеформированная 377x12 09ГСФ;350;377;12;;;;40;09ГСФ;К56;газ с CO2;requires_tu_lnd_passport;;;False;True;УХЛ;ГОСТ 8731-2025;ГОСТ 8731-2025;57;pcs;True
SYN-REG-CARD-000038;MTR-SYN-REG-000038;KSM-SYN-REG-000038;труба;бесшовная горячедеформированная;Труба бесшовная горячедеформированная 377x12 13ХФА;Труба бесшовная горячедеформированная 377x12 13ХФА;350;377;12;;;;16;13ХФА;К48;газ с H2S;requires_tu_lnd_passport;;;False;;УХЛ;ГОСТ 8731-2025;ГОСТ 8731-2025;1;pcs;True
SYN-REG-CARD-000039;MTR-SYN-REG-000039;KSM-SYN-REG-000039;труба;бесшовная горячедеформированная;Труба бесшовная горячедеформированная 133x6 20;Труба бесшовная горячедеформированная 133x6 20;125;133;6;;;;63;20;К56;газ с CO2;requires_tu_lnd_passport;;;True;True;УХЛ;ГОСТ 8731-2025;ГОСТ 8731-2025;64;pcs;True
SYN-REG-CARD-000040;MTR-SYN-REG-000040;KSM-SYN-REG-000040;труба;бесшовная горячедеформированная;Труба бесшовная горячедеформированная 57x4 13ХФА;Труба бесшовная горячедеформированная 57x4 13ХФА;50;57;4;;;;63;13ХФА;К56;техническая вода;requires_project_and_passport;;;;True;ХЛ;ГОСТ 8731-2025;ГОСТ 8731-2025;58;pcs;True
SYN-REG-CARD-000041;MTR-SYN-REG-000041;KSM-SYN-REG-000041;труба;бесшовная горячедеформированная;Труба бесшовная горячедеформированная 108x6 20;Труба бесшовная горячедеформированная 108x6 20;100;108;6;;;;160;20;К48;газ с H2S;requires_tu_lnd_passport;;;False;;У;ГОСТ 8731-2025;ГОСТ 8731-2025;4;pcs;True
SYN-REG-CARD-000042;MTR-SYN-REG-000042;KSM-SYN-REG-000042;труба;бесшовная горячедеформированная;Труба бесшовная горячедеформированная 426x14 09ГСФ;Труба бесшовная горячедеформированная 426x14 09ГСФ;400;426;14;;;;16;09ГСФ;К42;природный газ;requires_project_and_passport;;;;True;ХЛ;ГОСТ 8731-2025;ГОСТ 8731-2025;51;pcs;True
SYN-REG-CARD-000043;MTR-SYN-REG-000043;KSM-SYN-REG-000043;труба;бесшовная горячедеформированная;Труба бесшовная горячедеформированная 273x10 13ХФА;Труба бесшовная горячедеформированная 273x10 13ХФА;250;273;10;;;;25;13ХФА;К52;нефть;requires_project_and_passport;;;True;True;ХЛ;ГОСТ 8731-2025;ГОСТ 8731-2025;51;pcs;True
SYN-REG-CARD-000044;MTR-SYN-REG-000044;KSM-SYN-REG-000044;труба;бесшовная горячедеформированная;Труба бесшовная горячедеформированная 57x4 13ХФА;Труба бесшовная горячедеформированная 57x4 13ХФА;50;57;4;;;;100;13ХФА;К42;техническая вода;requires_project_and_passport;;;True;True;ХЛ;ГОСТ 8731-2025;ГОСТ 8731-2025;23;pcs;True
SYN-REG-CARD-000045;MTR-SYN-REG-000045;KSM-SYN-REG-000045;труба;бесшовная горячедеформированная;Труба бесшовная горячедеформированная 219x10 09Г2С;Труба бесшовная горячедеформированная 219x10 09Г2С;200;219;10;;;;16;09Г2С;К48;природный газ;requires_project_and_passport;;;;False;УХЛ;ГОСТ 8731-2025;ГОСТ 8731-2025;16;pcs;True
SYN-REG-CARD-000046;MTR-SYN-REG-000046;KSM-SYN-REG-000046;труба;бесшовная горячедеформированная;Труба бесшовная горячедеформированная 76x5 13ХФА;Труба бесшовная горячедеформированная 76x5 13ХФА;65;76;5;;;;100;13ХФА;К48;газ с H2S и CO2;requires_tu_lnd_passport;;;;True;УХЛ;ГОСТ 8731-2025;ГОСТ 8731-2025;7;pcs;True
SYN-REG-CARD-000047;MTR-SYN-REG-000047;KSM-SYN-REG-000047;труба;бесшовная горячедеформированная;Труба бесшовная горячедеформированная 108x6 09Г2С;Труба бесшовная горячедеформированная 108x6 09Г2С;100;108;6;;;;100;09Г2С;К56;нефть;requires_project_and_passport;;;False;;ХЛ;ГОСТ 8731-2025;ГОСТ 8731-2025;76;pcs;True
SYN-REG-CARD-000048;MTR-SYN-REG-000048;KSM-SYN-REG-000048;труба;бесшовная горячедеформированная;Труба бесшовная горячедеформированная 76x5 20;Труба бесшовная горячедеформированная 76x5 20;65;76;5;;;;100;20;К42;природный газ;requires_project_and_passport;;;False;True;УХЛ;ГОСТ 8731-2025;ГОСТ 8731-2025;27;pcs;True
SYN-REG-CARD-000049;MTR-SYN-REG-000049;KSM-SYN-REG-000049;труба;бесшовная горячедеформированная;Труба бесшовная горячедеформированная 325x12 20;Труба бесшовная горячедеформированная 325x12 20;300;325;12;;;;100;20;К48;газ с H2S и CO2;requires_tu_lnd_passport;;;;True;ХЛ;ГОСТ 8731-2025;ГОСТ 8731-2025;43;pcs;True
SYN-REG-CARD-000050;MTR-SYN-REG-000050;KSM-SYN-REG-000050;труба;бесшовная горячедеформированная;Труба бесшовная горячедеформированная 273x10 13ХФА;Труба бесшовная горячедеформированная 273x10 13ХФА;250;273;10;;;;40;13ХФА;К48;нефть;requires_project_and_passport;;;;True;ХЛ;ГОСТ 8731-2025;ГОСТ 8731-2025;48;pcs;True
SYN-REG-CARD-000051;MTR-SYN-REG-000051;KSM-SYN-REG-000051;труба;бесшовная горячедеформированная;Труба бесшовная горячедеформированная 89x6 09Г2С;Труба бесшовная горячедеформированная 89x6 09Г2С;80;89;6;;;;40;09Г2С;К52;газ с H2S;requires_tu_lnd_passport;;;False;True;УХЛ;ГОСТ 8731-2025;ГОСТ 8731-2025;30;pcs;True
SYN-REG-CARD-000052;MTR-SYN-REG-000052;KSM-SYN-REG-000052;труба;бесшовная горячедеформированная;Труба бесшовная горячедеформированная 325x12 20;Труба бесшовная горячедеформированная 325x12 20;300;325;12;;;;100;20;К56;коррозионно-активная среда;requires_tu_lnd_passport;;;False;False;ХЛ;ГОСТ 8731-2025;ГОСТ 8731-2025;66;pcs;True
SYN-REG-CARD-000053;MTR-SYN-REG-000053;KSM-SYN-REG-000053;труба;бесшовная горячедеформированная;Труба бесшовная горячедеформированная 426x14 13ХФА;Труба бесшовная горячедеформированная 426x14 13ХФА;400;426;14;;;;25;13ХФА;К48;природный газ;requires_project_and_passport;;;;True;УХЛ;ГОСТ 8731-2025;ГОСТ 8731-2025;25;pcs;True
SYN-REG-CARD-000054;MTR-SYN-REG-000054;KSM-SYN-REG-000054;труба;бесшовная горячедеформированная;Труба бесшовная горячедеформированная 377x12 13ХФА;Труба бесшовная горячедеформированная 377x12 13ХФА;350;377;12;;;;25;13ХФА;К56;нефть;requires_project_and_passport;;;False;True;УХЛ;ГОСТ 8731-2025;ГОСТ 8731-2025;37;pcs;True
SYN-REG-CARD-000055;MTR-SYN-REG-000055;KSM-SYN-REG-000055;труба;бесшовная горячедеформированная;Труба бесшовная горячедеформированная 159x8 09Г2С;Труба бесшовная горячедеформированная 159x8 09Г2С;150;159;8;;;;40;09Г2С;К42;коррозионно-активная среда;requires_tu_lnd_passport;;;True;True;У;ГОСТ 8731-2025;ГОСТ 8731-2025;49;pcs;True
SYN-REG-CARD-000056;MTR-SYN-REG-000056;KSM-SYN-REG-000056;труба;бесшовная горячедеформированная;Труба бесшовная горячедеформированная 108x6 20;Труба бесшовная горячедеформированная 108x6 20;100;108;6;;;;25;20;К56;коррозионно-активная среда;requires_tu_lnd_passport;;;False;False;УХЛ;ГОСТ 8731-2025;ГОСТ 8731-2025;67;pcs;True
SYN-REG-CARD-000057;MTR-SYN-REG-000057;KSM-SYN-REG-000057;труба;бесшовная горячедеформированная;Труба бесшовная горячедеформированная 219x10 20;Труба бесшовная горячедеформированная 219x10 20;200;219;10;;;;16;20;К42;нефть;requires_project_and_passport;;;False;;У;ГОСТ 8731-2025;ГОСТ 8731-2025;43;pcs;True
SYN-REG-CARD-000058;MTR-SYN-REG-000058;KSM-SYN-REG-000058;труба;бесшовная горячедеформированная;Труба бесшовная горячедеформированная 530x16 09ГСФ;Труба бесшовная горячедеформированная 530x16 09ГСФ;500;530;16;;;;40;09ГСФ;К48;газ с H2S и CO2;requires_tu_lnd_passport;;;False;True;ХЛ;ГОСТ 8731-2025;ГОСТ 8731-2025;47;pcs;True
SYN-REG-CARD-000059;MTR-SYN-REG-000059;KSM-SYN-REG-000059;труба;бесшовная горячедеформированная;Труба бесшовная горячедеформированная 133x6 09Г2С;Труба бесшовная горячедеформированная 133x6 09Г2С;125;133;6;;;;63;09Г2С;К42;газ с CO2;requires_tu_lnd_passport;;;False;False;ХЛ;ГОСТ 8731-2025;ГОСТ 8731-2025;26;pcs;True
SYN-REG-CARD-000060;MTR-SYN-REG-000060;KSM-SYN-REG-000060;труба;бесшовная горячедеформированная;Труба бесшовная горячедеформированная 108x6 20;Труба бесшовная горячедеформированная 108x6 20;100;108;6;;;;40;20;К52;газ с CO2;requires_tu_lnd_passport;;;False;False;У;ГОСТ 8731-2025;ГОСТ 8731-2025;57;pcs;True
SYN-REG-CARD-000061;MTR-SYN-REG-000061;KSM-SYN-REG-000061;труба;бесшовная горячедеформированная;Труба бесшовная горячедеформированная 325x12 13ХФА;Труба бесшовная горячедеформированная 325x12 13ХФА;300;325;12;;;;160;13ХФА;К52;газ с H2S;requires_tu_lnd_passport;;;True;True;ХЛ;ГОСТ 8731-2025;ГОСТ 8731-2025;34;pcs;True
SYN-REG-CARD-000062;MTR-SYN-REG-000062;KSM-SYN-REG-000062;труба;бесшовная горячедеформированная;Труба бесшовная горячедеформированная 426x14 13ХФА;Труба бесшовная горячедеформированная 426x14 13ХФА;400;426;14;;;;100;13ХФА;К48;техническая вода;requires_project_and_passport;;;True;True;ХЛ;ГОСТ 8731-2025;ГОСТ 8731-2025;71;pcs;True
SYN-REG-CARD-000063;MTR-SYN-REG-000063;KSM-SYN-REG-000063;труба;бесшовная горячедеформированная;Труба бесшовная горячедеформированная 273x10 09Г2С;Труба бесшовная горячедеформированная 273x10 09Г2С;250;273;10;;;;25;09Г2С;К42;природный газ;requires_project_and_passport;;;True;;УХЛ;ГОСТ 8731-2025;ГОСТ 8731-2025;59;pcs;True
SYN-REG-CARD-000064;MTR-SYN-REG-000064;KSM-SYN-REG-000064;труба;бесшовная горячедеформированная;Труба бесшовная горячедеформированная 530x16 09Г2С;Труба бесшовная горячедеформированная 530x16 09Г2С;500;530;16;;;;25;09Г2С;К52;техническая вода;requires_project_and_passport;;;True;;ХЛ;ГОСТ 8731-2025;ГОСТ 8731-2025;20;pcs;True
SYN-REG-CARD-000065;MTR-SYN-REG-000065;KSM-SYN-REG-000065;труба;бесшовная горячедеформированная;Труба бесшовная горячедеформированная 219x10 09Г2С;Труба бесшовная горячедеформированная 219x10 09Г2С;200;219;10;;;;16;09Г2С;К56;нефть;requires_project_and_passport;;;False;;ХЛ;ГОСТ 8731-2025;ГОСТ 8731-2025;73;pcs;True
SYN-REG-CARD-000066;MTR-SYN-REG-000066;KSM-SYN-REG-000066;труба;бесшовная горячедеформированная;Труба бесшовная горячедеформированная 159x8 13ХФА;Труба бесшовная горячедеформированная 159x8 13ХФА;150;159;8;;;;100;13ХФА;К48;природный газ;requires_project_and_passport;;;False;;ХЛ;ГОСТ 8731-2025;ГОСТ 8731-2025;71;pcs;True
SYN-REG-CARD-000067;MTR-SYN-REG-000067;KSM-SYN-REG-000067;труба;бесшовная горячедеформированная;Труба бесшовная горячедеформированная 89x6 09ГСФ;Труба бесшовная горячедеформированная 89x6 09ГСФ;80;89;6;;;;16;09ГСФ;К42;техническая вода;requires_project_and_passport;;;True;True;УХЛ;ГОСТ 8731-2025;ГОСТ 8731-2025;15;pcs;True
SYN-REG-CARD-000068;MTR-SYN-REG-000068;KSM-SYN-REG-000068;труба;бесшовная горячедеформированная;Труба бесшовная горячедеформированная 76x5 09ГСФ;Труба бесшовная горячедеформированная 76x5 09ГСФ;65;76;5;;;;16;09ГСФ;К48;газ с CO2;requires_tu_lnd_passport;;;True;True;ХЛ;ГОСТ 8731-2025;ГОСТ 8731-2025;20;pcs;True
SYN-REG-CARD-000069;MTR-SYN-REG-000069;KSM-SYN-REG-000069;труба;бесшовная горячедеформированная;Труба бесшовная горячедеформированная 57x4 20;Труба бесшовная горячедеформированная 57x4 20;50;57;4;;;;40;20;К52;нефть;requires_project_and_passport;;;True;;ХЛ;ГОСТ 8731-2025;ГОСТ 8731-2025;20;pcs;True
SYN-REG-CARD-000070;MTR-SYN-REG-000070;KSM-SYN-REG-000070;труба;бесшовная горячедеформированная;Труба бесшовная горячедеформированная 89x6 20;Труба бесшовная горячедеформированная 89x6 20;80;89;6;;;;16;20;К52;нефть;requires_project_and_passport;;;False;True;ХЛ;ГОСТ 8731-2025;ГОСТ 8731-2025;35;pcs;True
SYN-REG-CARD-000071;MTR-SYN-REG-000071;KSM-SYN-REG-000071;труба;бесшовная горячедеформированная;Труба бесшовная горячедеформированная 133x6 09ГСФ;Труба бесшовная горячедеформированная 133x6 09ГСФ;125;133;6;;;;160;09ГСФ;К52;нефть;requires_project_and_passport;;;False;True;У;ГОСТ 8731-2025;ГОСТ 8731-2025;63;pcs;True
SYN-REG-CARD-000072;MTR-SYN-REG-000072;KSM-SYN-REG-000072;труба;бесшовная горячедеформированная;Труба бесшовная горячедеформированная 219x10 09Г2С;Труба бесшовная горячедеформированная 219x10 09Г2С;200;219;10;;;;40;09Г2С;К42;газ с CO2;requires_tu_lnd_passport;;;False;;ХЛ;ГОСТ 8731-2025;ГОСТ 8731-2025;46;pcs;True
SYN-REG-CARD-000073;MTR-SYN-REG-000073;KSM-SYN-REG-000073;труба;бесшовная горячедеформированная;Труба бесшовная горячедеформированная 57x4 09Г2С;Труба бесшовная горячедеформированная 57x4 09Г2С;50;57;4;;;;160;09Г2С;К56;нефть;requires_project_and_passport;;;False;True;УХЛ;ГОСТ 8731-2025;ГОСТ 8731-2025;25;pcs;True
SYN-REG-CARD-000074;MTR-SYN-REG-000074;KSM-SYN-REG-000074;труба;бесшовная горячедеформированная;Труба бесшовная горячедеформированная 159x8 13ХФА;Труба бесшовная горячедеформированная 159x8 13ХФА;150;159;8;;;;16;13ХФА;К56;коррозионно-активная среда;requires_tu_lnd_passport;;;False;True;У;ГОСТ 8731-2025;ГОСТ 8731-2025;10;pcs;True
SYN-REG-CARD-000075;MTR-SYN-REG-000075;KSM-SYN-REG-000075;труба;бесшовная горячедеформированная;Труба бесшовная горячедеформированная 377x12 13ХФА;Труба бесшовная горячедеформированная 377x12 13ХФА;350;377;12;;;;40;13ХФА;К52;коррозионно-активная среда;requires_tu_lnd_passport;;;;False;ХЛ;ГОСТ 8731-2025;ГОСТ 8731-2025;18;pcs;True
SYN-REG-CARD-000076;MTR-SYN-REG-000076;KSM-SYN-REG-000076;труба;бесшовная горячедеформированная;Труба бесшовная горячедеформированная 133x6 09ГСФ;Труба бесшовная горячедеформированная 133x6 09ГСФ;125;133;6;;;;40;09ГСФ;К56;коррозионно-активная среда;requires_tu_lnd_passport;;;True;True;УХЛ;ГОСТ 8731-2025;ГОСТ 8731-2025;34;pcs;True
SYN-REG-CARD-000077;MTR-SYN-REG-000077;KSM-SYN-REG-000077;труба;бесшовная горячедеформированная;Труба бесшовная горячедеформированная 89x6 09ГСФ;Труба бесшовная горячедеформированная 89x6 09ГСФ;80;89;6;;;;40;09ГСФ;К48;техническая вода;requires_project_and_passport;;;;True;УХЛ;ГОСТ 8731-2025;ГОСТ 8731-2025;51;pcs;True
SYN-REG-CARD-000078;MTR-SYN-REG-000078;KSM-SYN-REG-000078;труба;бесшовная горячедеформированная;Труба бесшовная горячедеформированная 273x10 09Г2С;Труба бесшовная горячедеформированная 273x10 09Г2С;250;273;10;;;;63;09Г2С;К52;коррозионно-активная среда;requires_tu_lnd_passport;;;False;True;ХЛ;ГОСТ 8731-2025;ГОСТ 8731-2025;16;pcs;True
SYN-REG-CARD-000079;MTR-SYN-REG-000079;KSM-SYN-REG-000079;труба;бесшовная горячедеформированная;Труба бесшовная горячедеформированная 108x6 09Г2С;Труба бесшовная горячедеформированная 108x6 09Г2С;100;108;6;;;;40;09Г2С;К52;газ с H2S;requires_tu_lnd_passport;;;False;True;ХЛ;ГОСТ 8731-2025;ГОСТ 8731-2025;50;pcs;True
SYN-REG-CARD-000080;MTR-SYN-REG-000080;KSM-SYN-REG-000080;труба;бесшовная горячедеформированная;Труба бесшовная горячедеформированная 426x14 13ХФА;Труба бесшовная горячедеформированная 426x14 13ХФА;400;426;14;;;;63;13ХФА;К42;природный газ;requires_project_and_passport;;;;False;У;ГОСТ 8731-2025;ГОСТ 8731-2025;17;pcs;True
SYN-REG-CARD-000081;MTR-SYN-REG-000081;KSM-SYN-REG-000081;труба;бесшовная горячедеформированная;Труба бесшовная горячедеформированная 219x10 09ГСФ;Труба бесшовная горячедеформированная 219x10 09ГСФ;200;219;10;;;;160;09ГСФ;К56;газ с H2S;requires_tu_lnd_passport;;;False;True;УХЛ;ГОСТ 8731-2025;ГОСТ 8731-2025;43;pcs;True
SYN-REG-CARD-000082;MTR-SYN-REG-000082;KSM-SYN-REG-000082;труба;бесшовная горячедеформированная;Труба бесшовная горячедеформированная 377x12 13ХФА;Труба бесшовная горячедеформированная 377x12 13ХФА;350;377;12;;;;25;13ХФА;К52;техническая вода;requires_project_and_passport;;;True;True;УХЛ;ГОСТ 8731-2025;ГОСТ 8731-2025;33;pcs;True
SYN-REG-CARD-000083;MTR-SYN-REG-000083;KSM-SYN-REG-000083;труба;бесшовная горячедеформированная;Труба бесшовная горячедеформированная 108x6 20;Труба бесшовная горячедеформированная 108x6 20;100;108;6;;;;25;20;К48;газ с H2S;requires_tu_lnd_passport;;;;;ХЛ;ГОСТ 8731-2025;ГОСТ 8731-2025;28;pcs;True
SYN-REG-CARD-000084;MTR-SYN-REG-000084;KSM-SYN-REG-000084;труба;бесшовная горячедеформированная;Труба бесшовная горячедеформированная 426x14 20;Труба бесшовная горячедеформированная 426x14 20;400;426;14;;;;160;20;К42;техническая вода;requires_project_and_passport;;;False;;ХЛ;ГОСТ 8731-2025;ГОСТ 8731-2025;32;pcs;True
SYN-REG-CARD-000085;MTR-SYN-REG-000085;KSM-SYN-REG-000085;труба;бесшовная горячедеформированная;Труба бесшовная горячедеформированная 377x12 09ГСФ;Труба бесшовная горячедеформированная 377x12 09ГСФ;350;377;12;;;;40;09ГСФ;К42;газ с H2S;requires_tu_lnd_passport;;;False;True;У;ГОСТ 8731-2025;ГОСТ 8731-2025;56;pcs;True
SYN-REG-CARD-000086;MTR-SYN-REG-000086;KSM-SYN-REG-000086;труба;бесшовная горячедеформированная;Труба бесшовная горячедеформированная 133x6 09ГСФ;Труба бесшовная горячедеформированная 133x6 09ГСФ;125;133;6;;;;160;09ГСФ;К48;газ с H2S и CO2;requires_tu_lnd_passport;;;True;True;У;ГОСТ 8731-2025;ГОСТ 8731-2025;12;pcs;True
SYN-REG-CARD-000087;MTR-SYN-REG-000087;KSM-SYN-REG-000087;труба;бесшовная горячедеформированная;Труба бесшовная горячедеформированная 325x12 13ХФА;Труба бесшовная горячедеформированная 325x12 13ХФА;300;325;12;;;;16;13ХФА;К42;газ с CO2;requires_tu_lnd_passport;;;True;False;У;ГОСТ 8731-2025;ГОСТ 8731-2025;22;pcs;True
SYN-REG-CARD-000088;MTR-SYN-REG-000088;KSM-SYN-REG-000088;труба;бесшовная горячедеформированная;Труба бесшовная горячедеформированная 273x10 09ГСФ;Труба бесшовная горячедеформированная 273x10 09ГСФ;250;273;10;;;;63;09ГСФ;К42;нефть;requires_project_and_passport;;;True;;ХЛ;ГОСТ 8731-2025;ГОСТ 8731-2025;14;pcs;True
SYN-REG-CARD-000089;MTR-SYN-REG-000089;KSM-SYN-REG-000089;труба;бесшовная горячедеформированная;Труба бесшовная горячедеформированная 133x6 09ГСФ;Труба бесшовная горячедеформированная 133x6 09ГСФ;125;133;6;;;;160;09ГСФ;К56;газ с H2S и CO2;requires_tu_lnd_passport;;;False;;У;ГОСТ 8731-2025;ГОСТ 8731-2025;40;pcs;True
SYN-REG-CARD-000090;MTR-SYN-REG-000090;KSM-SYN-REG-000090;труба;бесшовная горячедеформированная;Труба бесшовная горячедеформированная 530x16 20;Труба бесшовная горячедеформированная 530x16 20;500;530;16;;;;160;20;К56;газ с H2S;requires_tu_lnd_passport;;;;;ХЛ;ГОСТ 8731-2025;ГОСТ 8731-2025;47;pcs;True
SYN-REG-CARD-000091;MTR-SYN-REG-000091;KSM-SYN-REG-000091;труба;бесшовная горячедеформированная;Труба бесшовная горячедеформированная 76x5 13ХФА;Труба бесшовная горячедеформированная 76x5 13ХФА;65;76;5;;;;40;13ХФА;К42;техническая вода;requires_project_and_passport;;;False;False;УХЛ;ГОСТ 8731-2025;ГОСТ 8731-2025;64;pcs;True
SYN-REG-CARD-000092;MTR-SYN-REG-000092;KSM-SYN-REG-000092;труба;бесшовная горячедеформированная;Труба бесшовная горячедеформированная 159x8 20;Труба бесшовная горячедеформированная 159x8 20;150;159;8;;;;63;20;К56;газ с H2S;requires_tu_lnd_passport;;;False;;У;ГОСТ 8731-2025;ГОСТ 8731-2025;15;pcs;True
SYN-REG-CARD-000093;MTR-SYN-REG-000093;KSM-SYN-REG-000093;труба;бесшовная горячедеформированная;Труба бесшовная горячедеформированная 325x12 13ХФА;Труба бесшовная горячедеформированная 325x12 13ХФА;300;325;12;;;;160;13ХФА;К56;газ с H2S;requires_tu_lnd_passport;;;False;;УХЛ;ГОСТ 8731-2025;ГОСТ 8731-2025;53;pcs;True
SYN-REG-CARD-000094;MTR-SYN-REG-000094;KSM-SYN-REG-000094;труба;бесшовная горячедеформированная;Труба бесшовная горячедеформированная 133x6 20;Труба бесшовная горячедеформированная 133x6 20;125;133;6;;;;160;20;К56;газ с H2S и CO2;requires_tu_lnd_passport;;;;False;У;ГОСТ 8731-2025;ГОСТ 8731-2025;7;pcs;True
SYN-REG-CARD-000095;MTR-SYN-REG-000095;KSM-SYN-REG-000095;труба;бесшовная горячедеформированная;Труба бесшовная горячедеформированная 219x10 09Г2С;Труба бесшовная горячедеформированная 219x10 09Г2С;200;219;10;;;;16;09Г2С;К42;техническая вода;requires_project_and_passport;;;False;;ХЛ;ГОСТ 8731-2025;ГОСТ 8731-2025;28;pcs;True
SYN-REG-CARD-000096;MTR-SYN-REG-000096;KSM-SYN-REG-000096;труба;бесшовная горячедеформированная;Труба бесшовная горячедеформированная 133x6 20;Труба бесшовная горячедеформированная 133x6 20;125;133;6;;;;16;20;К48;газ с CO2;requires_tu_lnd_passport;;;True;;У;ГОСТ 8731-2025;ГОСТ 8731-2025;59;pcs;True
SYN-REG-CARD-000097;MTR-SYN-REG-000097;KSM-SYN-REG-000097;труба;бесшовная горячедеформированная;Труба бесшовная горячедеформированная 219x10 09Г2С;Труба бесшовная горячедеформированная 219x10 09Г2С;200;219;10;;;;16;09Г2С;К42;газ с H2S;requires_tu_lnd_passport;;;False;False;ХЛ;ГОСТ 8731-2025;ГОСТ 8731-2025;47;pcs;True
SYN-REG-CARD-000098;MTR-SYN-REG-000098;KSM-SYN-REG-000098;труба;бесшовная горячедеформированная;Труба бесшовная горячедеформированная 325x12 13ХФА;Труба бесшовная горячедеформированная 325x12 13ХФА;300;325;12;;;;25;13ХФА;К48;газ с H2S;requires_tu_lnd_passport;;;False;True;У;ГОСТ 8731-2025;ГОСТ 8731-2025;3;pcs;True
SYN-REG-CARD-000099;MTR-SYN-REG-000099;KSM-SYN-REG-000099;труба;бесшовная горячедеформированная;Труба бесшовная горячедеформированная 159x8 09Г2С;Труба бесшовная горячедеформированная 159x8 09Г2С;150;159;8;;;;63;09Г2С;К48;коррозионно-активная среда;requires_tu_lnd_passport;;;True;True;УХЛ;ГОСТ 8731-2025;ГОСТ 8731-2025;69;pcs;True
SYN-REG-CARD-000100;MTR-SYN-REG-000100;KSM-SYN-REG-000100;труба;бесшовная горячедеформированная;Труба бесшовная горячедеформированная 108x6 09Г2С;Труба бесшовная горячедеформированная 108x6 09Г2С;100;108;6;;;;63;09Г2С;К42;газ с H2S;requires_tu_lnd_passport;;;True;;У;ГОСТ 8731-2025;ГОСТ 8731-2025;75;pcs;True
SYN-REG-CARD-000101;MTR-SYN-REG-000101;KSM-SYN-REG-000101;труба;бесшовная горячедеформированная;Труба бесшовная горячедеформированная 76x5 13ХФА;Труба бесшовная горячедеформированная 76x5 13ХФА;65;76;5;;;;25;13ХФА;К42;техническая вода;requires_project_and_passport;;;False;True;У;ГОСТ 8731-2025;ГОСТ 8731-2025;5;pcs;True
SYN-REG-CARD-000102;MTR-SYN-REG-000102;KSM-SYN-REG-000102;труба;бесшовная горячедеформированная;Труба бесшовная горячедеформированная 219x10 20;Труба бесшовная горячедеформированная 219x10 20;200;219;10;;;;25;20;К48;нефть;requires_project_and_passport;;;False;True;ХЛ;ГОСТ 8731-2025;ГОСТ 8731-2025;67;pcs;True
SYN-REG-CARD-000103;MTR-SYN-REG-000103;KSM-SYN-REG-000103;труба;бесшовная горячедеформированная;Труба бесшовная горячедеформированная 426x14 13ХФА;Труба бесшовная горячедеформированная 426x14 13ХФА;400;426;14;;;;160;13ХФА;К42;газ с H2S и CO2;requires_tu_lnd_passport;;;False;True;УХЛ;ГОСТ 8731-2025;ГОСТ 8731-2025;19;pcs;True
SYN-REG-CARD-000104;MTR-SYN-REG-000104;KSM-SYN-REG-000104;труба;бесшовная горячедеформированная;Труба бесшовная горячедеформированная 273x10 09Г2С;Труба бесшовная горячедеформированная 273x10 09Г2С;250;273;10;;;;40;09Г2С;К42;природный газ;requires_project_and_passport;;;True;False;УХЛ;ГОСТ 8731-2025;ГОСТ 8731-2025;46;pcs;True
SYN-REG-CARD-000105;MTR-SYN-REG-000105;KSM-SYN-REG-000105;труба;бесшовная горячедеформированная;Труба бесшовная горячедеформированная 530x16 13ХФА;Труба бесшовная горячедеформированная 530x16 13ХФА;500;530;16;;;;100;13ХФА;К56;газ с H2S;requires_tu_lnd_passport;;;False;False;У;ГОСТ 8731-2025;ГОСТ 8731-2025;75;pcs;True
SYN-REG-CARD-000106;MTR-SYN-REG-000106;KSM-SYN-REG-000106;труба;бесшовная горячедеформированная;Труба бесшовная горячедеформированная 219x10 09Г2С;Труба бесшовная горячедеформированная 219x10 09Г2С;200;219;10;;;;25;09Г2С;К42;техническая вода;requires_project_and_passport;;;False;True;УХЛ;ГОСТ 8731-2025;ГОСТ 8731-2025;60;pcs;True
SYN-REG-CARD-000107;MTR-SYN-REG-000107;KSM-SYN-REG-000107;труба;бесшовная горячедеформированная;Труба бесшовная горячедеформированная 133x6 09ГСФ;Труба бесшовная горячедеформированная 133x6 09ГСФ;125;133;6;;;;25;09ГСФ;К56;газ с H2S и CO2;requires_tu_lnd_passport;;;True;True;УХЛ;ГОСТ 8731-2025;ГОСТ 8731-2025;34;pcs;True
SYN-REG-CARD-000108;MTR-SYN-REG-000108;KSM-SYN-REG-000108;труба;бесшовная горячедеформированная;Труба бесшовная горячедеформированная 377x12 20;Труба бесшовная горячедеформированная 377x12 20;350;377;12;;;;63;20;К56;природный газ;requires_project_and_passport;;;True;True;УХЛ;ГОСТ 8731-2025;ГОСТ 8731-2025;56;pcs;True
SYN-REG-CARD-000109;MTR-SYN-REG-000109;KSM-SYN-REG-000109;труба;бесшовная горячедеформированная;Труба бесшовная горячедеформированная 57x4 09ГСФ;Труба бесшовная горячедеформированная 57x4 09ГСФ;50;57;4;;;;16;09ГСФ;К52;коррозионно-активная среда;requires_tu_lnd_passport;;;;False;ХЛ;ГОСТ 8731-2025;ГОСТ 8731-2025;55;pcs;True
SYN-REG-CARD-000110;MTR-SYN-REG-000110;KSM-SYN-REG-000110;труба;бесшовная горячедеформированная;Труба бесшовная горячедеформированная 57x4 09Г2С;Труба бесшовная горячедеформированная 57x4 09Г2С;50;57;4;;;;63;09Г2С;К52;природный газ;requires_project_and_passport;;;False;True;ХЛ;ГОСТ 8731-2025;ГОСТ 8731-2025;47;pcs;True
SYN-REG-CARD-000111;MTR-SYN-REG-000111;KSM-SYN-REG-000111;труба;электросварная прямошовная;Труба электросварная прямошовная 426x10 09Г2С;Труба электросварная прямошовная 426x10 09Г2С;400;426;10;;;;160;09Г2С;К48;нефть;requires_project_and_passport;;;False;True;У;ГОСТ 20295-85;ГОСТ 20295-85;52;pcs;True
SYN-REG-CARD-000112;MTR-SYN-REG-000112;KSM-SYN-REG-000112;труба;электросварная спиральношовная;Труба электросварная спиральношовная 219x8 20;Труба электросварная спиральношовная 219x8 20;200;219;8;;;;63;20;К52;нефть;requires_project_and_passport;;;;True;У;ГОСТ 20295-85;ГОСТ 20295-85;11;pcs;True
SYN-REG-CARD-000113;MTR-SYN-REG-000113;KSM-SYN-REG-000113;труба;электросварная прямошовная;Труба электросварная прямошовная 219x8 13ХФА;Труба электросварная прямошовная 219x8 13ХФА;200;219;8;;;;160;13ХФА;К56;природный газ;requires_project_and_passport;;;True;;УХЛ;ГОСТ 20295-85;ГОСТ 20295-85;12;pcs;True
SYN-REG-CARD-000114;MTR-SYN-REG-000114;KSM-SYN-REG-000114;труба;электросварная прямошовная;Труба электросварная прямошовная 720x12 09ГСФ;Труба электросварная прямошовная 720x12 09ГСФ;700;720;12;;;;16;09ГСФ;К48;газ с H2S и CO2;requires_tu_lnd_passport;;;;True;ХЛ;ГОСТ 20295-85;ГОСТ 20295-85;57;pcs;True
SYN-REG-CARD-000115;MTR-SYN-REG-000115;KSM-SYN-REG-000115;труба;электросварная спиральношовная;Труба электросварная спиральношовная 820x14 13ХФА;Труба электросварная спиральношовная 820x14 13ХФА;800;820;14;;;;16;13ХФА;К52;коррозионно-активная среда;requires_tu_lnd_passport;;;True;True;УХЛ;ГОСТ 20295-85;ГОСТ 20295-85;71;pcs;True
SYN-REG-CARD-000116;MTR-SYN-REG-000116;KSM-SYN-REG-000116;труба;электросварная спиральношовная;Труба электросварная спиральношовная 219x8 13ХФА;Труба электросварная спиральношовная 219x8 13ХФА;200;219;8;;;;25;13ХФА;К42;газ с H2S и CO2;requires_tu_lnd_passport;;;;False;У;ГОСТ 20295-85;ГОСТ 20295-85;36;pcs;True
SYN-REG-CARD-000117;MTR-SYN-REG-000117;KSM-SYN-REG-000117;труба;электросварная спиральношовная;Труба электросварная спиральношовная 630x12 09ГСФ;Труба электросварная спиральношовная 630x12 09ГСФ;600;630;12;;;;25;09ГСФ;К56;нефть;requires_project_and_passport;;;False;True;ХЛ;ГОСТ 20295-85;ГОСТ 20295-85;79;pcs;True
SYN-REG-CARD-000118;MTR-SYN-REG-000118;KSM-SYN-REG-000118;труба;электросварная прямошовная;Труба электросварная прямошовная 325x8 09ГСФ;Труба электросварная прямошовная 325x8 09ГСФ;300;325;8;;;;100;09ГСФ;К48;нефть;requires_project_and_passport;;;True;True;У;ГОСТ 20295-85;ГОСТ 20295-85;64;pcs;True
SYN-REG-CARD-000119;MTR-SYN-REG-000119;KSM-SYN-REG-000119;труба;электросварная прямошовная;Труба электросварная прямошовная 1020x16 09Г2С;Труба электросварная прямошовная 1020x16 09Г2С;1000;1020;16;;;;160;09Г2С;К42;газ с H2S;requires_tu_lnd_passport;;;False;False;У;ГОСТ 20295-85;ГОСТ 20295-85;19;pcs;True
SYN-REG-CARD-000120;MTR-SYN-REG-000120;KSM-SYN-REG-000120;труба;электросварная спиральношовная;Труба электросварная спиральношовная 159x6 13ХФА;Труба электросварная спиральношовная 159x6 13ХФА;150;159;6;;;;100;13ХФА;К52;нефть;requires_project_and_passport;;;;True;УХЛ;ГОСТ 20295-85;ГОСТ 20295-85;54;pcs;True
SYN-REG-CARD-000121;MTR-SYN-REG-000121;KSM-SYN-REG-000121;труба;электросварная спиральношовная;Труба электросварная спиральношовная 219x8 09ГСФ;Труба электросварная спиральношовная 219x8 09ГСФ;200;219;8;;;;63;09ГСФ;К56;природный газ;requires_project_and_passport;;;False;False;У;ГОСТ 20295-85;ГОСТ 20295-85;46;pcs;True
SYN-REG-CARD-000122;MTR-SYN-REG-000122;KSM-SYN-REG-000122;труба;электросварная спиральношовная;Труба электросварная спиральношовная 426x10 09Г2С;Труба электросварная спиральношовная 426x10 09Г2С;400;426;10;;;;100;09Г2С;К48;газ с H2S и CO2;requires_tu_lnd_passport;;;True;False;УХЛ;ГОСТ 20295-85;ГОСТ 20295-85;33;pcs;True
SYN-REG-CARD-000123;MTR-SYN-REG-000123;KSM-SYN-REG-000123;труба;электросварная прямошовная;Труба электросварная прямошовная 1020x16 09ГСФ;Труба электросварная прямошовная 1020x16 09ГСФ;1000;1020;16;;;;16;09ГСФ;К52;газ с H2S;requires_tu_lnd_passport;;;True;True;У;ГОСТ 20295-85;ГОСТ 20295-85;52;pcs;True
SYN-REG-CARD-000124;MTR-SYN-REG-000124;KSM-SYN-REG-000124;труба;электросварная прямошовная;Труба электросварная прямошовная 530x10 09ГСФ;Труба электросварная прямошовная 530x10 09ГСФ;500;530;10;;;;63;09ГСФ;К42;газ с CO2;requires_tu_lnd_passport;;;;;ХЛ;ГОСТ 20295-85;ГОСТ 20295-85;56;pcs;True
SYN-REG-CARD-000125;MTR-SYN-REG-000125;KSM-SYN-REG-000125;труба;электросварная спиральношовная;Труба электросварная спиральношовная 720x12 13ХФА;Труба электросварная спиральношовная 720x12 13ХФА;700;720;12;;;;100;13ХФА;К42;газ с CO2;requires_tu_lnd_passport;;;True;True;УХЛ;ГОСТ 20295-85;ГОСТ 20295-85;2;pcs;True
SYN-REG-CARD-000126;MTR-SYN-REG-000126;KSM-SYN-REG-000126;труба;электросварная спиральношовная;Труба электросварная спиральношовная 630x12 13ХФА;Труба электросварная спиральношовная 630x12 13ХФА;600;630;12;;;;16;13ХФА;К52;техническая вода;requires_project_and_passport;;;False;True;У;ГОСТ 20295-85;ГОСТ 20295-85;25;pcs;True
SYN-REG-CARD-000127;MTR-SYN-REG-000127;KSM-SYN-REG-000127;труба;электросварная спиральношовная;Труба электросварная спиральношовная 720x12 13ХФА;Труба электросварная спиральношовная 720x12 13ХФА;700;720;12;;;;160;13ХФА;К42;природный газ;requires_project_and_passport;;;True;True;У;ГОСТ 20295-85;ГОСТ 20295-85;15;pcs;True
SYN-REG-CARD-000128;MTR-SYN-REG-000128;KSM-SYN-REG-000128;труба;электросварная спиральношовная;Труба электросварная спиральношовная 720x12 20;Труба электросварная спиральношовная 720x12 20;700;720;12;;;;16;20;К42;газ с CO2;requires_tu_lnd_passport;;;True;True;УХЛ;ГОСТ 20295-85;ГОСТ 20295-85;73;pcs;True
SYN-REG-CARD-000129;MTR-SYN-REG-000129;KSM-SYN-REG-000129;труба;электросварная прямошовная;Труба электросварная прямошовная 219x8 09ГСФ;Труба электросварная прямошовная 219x8 09ГСФ;200;219;8;;;;100;09ГСФ;К48;газ с H2S;requires_tu_lnd_passport;;;True;False;У;ГОСТ 20295-85;ГОСТ 20295-85;15;pcs;True
SYN-REG-CARD-000130;MTR-SYN-REG-000130;KSM-SYN-REG-000130;труба;электросварная спиральношовная;Труба электросварная спиральношовная 820x14 09Г2С;Труба электросварная спиральношовная 820x14 09Г2С;800;820;14;;;;25;09Г2С;К52;газ с H2S;requires_tu_lnd_passport;;;;True;У;ГОСТ 20295-85;ГОСТ 20295-85;80;pcs;True
SYN-REG-CARD-000131;MTR-SYN-REG-000131;KSM-SYN-REG-000131;труба;электросварная спиральношовная;Труба электросварная спиральношовная 720x12 13ХФА;Труба электросварная спиральношовная 720x12 13ХФА;700;720;12;;;;16;13ХФА;К52;газ с CO2;requires_tu_lnd_passport;;;True;;УХЛ;ГОСТ 20295-85;ГОСТ 20295-85;73;pcs;True
SYN-REG-CARD-000132;MTR-SYN-REG-000132;KSM-SYN-REG-000132;труба;электросварная прямошовная;Труба электросварная прямошовная 530x10 09Г2С;Труба электросварная прямошовная 530x10 09Г2С;500;530;10;;;;160;09Г2С;К52;газ с H2S и CO2;requires_tu_lnd_passport;;;;True;ХЛ;ГОСТ 20295-85;ГОСТ 20295-85;16;pcs;True
SYN-REG-CARD-000133;MTR-SYN-REG-000133;KSM-SYN-REG-000133;труба;электросварная спиральношовная;Труба электросварная спиральношовная 720x12 13ХФА;Труба электросварная спиральношовная 720x12 13ХФА;700;720;12;;;;40;13ХФА;К48;техническая вода;requires_project_and_passport;;;False;True;У;ГОСТ 20295-85;ГОСТ 20295-85;41;pcs;True
SYN-REG-CARD-000134;MTR-SYN-REG-000134;KSM-SYN-REG-000134;труба;электросварная прямошовная;Труба электросварная прямошовная 219x8 09Г2С;Труба электросварная прямошовная 219x8 09Г2С;200;219;8;;;;160;09Г2С;К52;коррозионно-активная среда;requires_tu_lnd_passport;;;;False;У;ГОСТ 20295-85;ГОСТ 20295-85;52;pcs;True
SYN-REG-CARD-000135;MTR-SYN-REG-000135;KSM-SYN-REG-000135;труба;электросварная прямошовная;Труба электросварная прямошовная 159x6 13ХФА;Труба электросварная прямошовная 159x6 13ХФА;150;159;6;;;;16;13ХФА;К48;газ с H2S и CO2;requires_tu_lnd_passport;;;False;True;У;ГОСТ 20295-85;ГОСТ 20295-85;78;pcs;True
SYN-REG-CARD-000136;MTR-SYN-REG-000136;KSM-SYN-REG-000136;труба;электросварная спиральношовная;Труба электросварная спиральношовная 530x10 20;Труба электросварная спиральношовная 530x10 20;500;530;10;;;;100;20;К52;природный газ;requires_project_and_passport;;;False;True;У;ГОСТ 20295-85;ГОСТ 20295-85;15;pcs;True
SYN-REG-CARD-000137;MTR-SYN-REG-000137;KSM-SYN-REG-000137;труба;электросварная спиральношовная;Труба электросварная спиральношовная 820x14 09Г2С;Труба электросварная спиральношовная 820x14 09Г2С;800;820;14;;;;100;09Г2С;К56;газ с CO2;requires_tu_lnd_passport;;;True;False;УХЛ;ГОСТ 20295-85;ГОСТ 20295-85;0;pcs;True
SYN-REG-CARD-000138;MTR-SYN-REG-000138;KSM-SYN-REG-000138;труба;электросварная спиральношовная;Труба электросварная спиральношовная 630x12 09Г2С;Труба электросварная спиральношовная 630x12 09Г2С;600;630;12;;;;40;09Г2С;К42;газ с CO2;requires_tu_lnd_passport;;;False;False;ХЛ;ГОСТ 20295-85;ГОСТ 20295-85;14;pcs;True
SYN-REG-CARD-000139;MTR-SYN-REG-000139;KSM-SYN-REG-000139;труба;электросварная спиральношовная;Труба электросварная спиральношовная 1020x16 09Г2С;Труба электросварная спиральношовная 1020x16 09Г2С;1000;1020;16;;;;40;09Г2С;К56;техническая вода;requires_project_and_passport;;;True;True;ХЛ;ГОСТ 20295-85;ГОСТ 20295-85;71;pcs;True
SYN-REG-CARD-000140;MTR-SYN-REG-000140;KSM-SYN-REG-000140;труба;электросварная прямошовная;Труба электросварная прямошовная 325x8 20;Труба электросварная прямошовная 325x8 20;300;325;8;;;;16;20;К56;нефть;requires_project_and_passport;;;;True;УХЛ;ГОСТ 20295-85;ГОСТ 20295-85;75;pcs;True
SYN-REG-CARD-000141;MTR-SYN-REG-000141;KSM-SYN-REG-000141;труба;электросварная спиральношовная;Труба электросварная спиральношовная 426x10 20;Труба электросварная спиральношовная 426x10 20;400;426;10;;;;100;20;К48;газ с H2S и CO2;requires_tu_lnd_passport;;;;True;У;ГОСТ 20295-85;ГОСТ 20295-85;67;pcs;True
SYN-REG-CARD-000142;MTR-SYN-REG-000142;KSM-SYN-REG-000142;труба;электросварная прямошовная;Труба электросварная прямошовная 325x8 09Г2С;Труба электросварная прямошовная 325x8 09Г2С;300;325;8;;;;40;09Г2С;К48;газ с H2S;requires_tu_lnd_passport;;;False;False;ХЛ;ГОСТ 20295-85;ГОСТ 20295-85;80;pcs;True
SYN-REG-CARD-000143;MTR-SYN-REG-000143;KSM-SYN-REG-000143;труба;электросварная спиральношовная;Труба электросварная спиральношовная 820x14 09ГСФ;Труба электросварная спиральношовная 820x14 09ГСФ;800;820;14;;;;63;09ГСФ;К56;нефть;requires_project_and_passport;;;;True;ХЛ;ГОСТ 20295-85;ГОСТ 20295-85;1;pcs;True
SYN-REG-CARD-000144;MTR-SYN-REG-000144;KSM-SYN-REG-000144;труба;электросварная спиральношовная;Труба электросварная спиральношовная 820x14 20;Труба электросварная спиральношовная 820x14 20;800;820;14;;;;63;20;К42;коррозионно-активная среда;requires_tu_lnd_passport;;;True;False;ХЛ;ГОСТ 20295-85;ГОСТ 20295-85;33;pcs;True
SYN-REG-CARD-000145;MTR-SYN-REG-000145;KSM-SYN-REG-000145;труба;электросварная спиральношовная;Труба электросварная спиральношовная 530x10 09ГСФ;Труба электросварная спиральношовная 530x10 09ГСФ;500;530;10;;;;160;09ГСФ;К52;газ с CO2;requires_tu_lnd_passport;;;True;True;УХЛ;ГОСТ 20295-85;ГОСТ 20295-85;17;pcs;True
SYN-REG-CARD-000146;MTR-SYN-REG-000146;KSM-SYN-REG-000146;труба;электросварная спиральношовная;Труба электросварная спиральношовная 720x12 13ХФА;Труба электросварная спиральношовная 720x12 13ХФА;700;720;12;;;;63;13ХФА;К42;газ с H2S и CO2;requires_tu_lnd_passport;;;True;True;ХЛ;ГОСТ 20295-85;ГОСТ 20295-85;2;pcs;True
SYN-REG-CARD-000147;MTR-SYN-REG-000147;KSM-SYN-REG-000147;труба;электросварная прямошовная;Труба электросварная прямошовная 530x10 09ГСФ;Труба электросварная прямошовная 530x10 09ГСФ;500;530;10;;;;16;09ГСФ;К56;коррозионно-активная среда;requires_tu_lnd_passport;;;False;;УХЛ;ГОСТ 20295-85;ГОСТ 20295-85;8;pcs;True
SYN-REG-CARD-000148;MTR-SYN-REG-000148;KSM-SYN-REG-000148;труба;электросварная прямошовная;Труба электросварная прямошовная 720x12 09Г2С;Труба электросварная прямошовная 720x12 09Г2С;700;720;12;;;;25;09Г2С;К52;техническая вода;requires_project_and_passport;;;False;True;УХЛ;ГОСТ 20295-85;ГОСТ 20295-85;40;pcs;True
SYN-REG-CARD-000149;MTR-SYN-REG-000149;KSM-SYN-REG-000149;труба;электросварная спиральношовная;Труба электросварная спиральношовная 530x10 13ХФА;Труба электросварная спиральношовная 530x10 13ХФА;500;530;10;;;;16;13ХФА;К48;газ с CO2;requires_tu_lnd_passport;;;False;;УХЛ;ГОСТ 20295-85;ГОСТ 20295-85;4;pcs;True
SYN-REG-CARD-000150;MTR-SYN-REG-000150;KSM-SYN-REG-000150;труба;электросварная прямошовная;Труба электросварная прямошовная 530x10 20;Труба электросварная прямошовная 530x10 20;500;530;10;;;;16;20;К48;газ с H2S;requires_tu_lnd_passport;;;;True;УХЛ;ГОСТ 20295-85;ГОСТ 20295-85;49;pcs;True
SYN-REG-CARD-000151;MTR-SYN-REG-000151;KSM-SYN-REG-000151;труба;электросварная спиральношовная;Труба электросварная спиральношовная 1020x16 09ГСФ;Труба электросварная спиральношовная 1020x16 09ГСФ;1000;1020;16;;;;16;09ГСФ;К48;коррозионно-активная среда;requires_tu_lnd_passport;;;False;True;ХЛ;ГОСТ 20295-85;ГОСТ 20295-85;72;pcs;True
SYN-REG-CARD-000152;MTR-SYN-REG-000152;KSM-SYN-REG-000152;труба;электросварная прямошовная;Труба электросварная прямошовная 325x8 20;Труба электросварная прямошовная 325x8 20;300;325;8;;;;16;20;К56;техническая вода;requires_project_and_passport;;;True;True;У;ГОСТ 20295-85;ГОСТ 20295-85;38;pcs;True
SYN-REG-CARD-000153;MTR-SYN-REG-000153;KSM-SYN-REG-000153;труба;электросварная спиральношовная;Труба электросварная спиральношовная 219x8 09ГСФ;Труба электросварная спиральношовная 219x8 09ГСФ;200;219;8;;;;25;09ГСФ;К48;газ с CO2;requires_tu_lnd_passport;;;False;True;У;ГОСТ 20295-85;ГОСТ 20295-85;21;pcs;True
SYN-REG-CARD-000154;MTR-SYN-REG-000154;KSM-SYN-REG-000154;труба;электросварная прямошовная;Труба электросварная прямошовная 630x12 13ХФА;Труба электросварная прямошовная 630x12 13ХФА;600;630;12;;;;100;13ХФА;К48;газ с CO2;requires_tu_lnd_passport;;;;False;У;ГОСТ 20295-85;ГОСТ 20295-85;39;pcs;True
SYN-REG-CARD-000155;MTR-SYN-REG-000155;KSM-SYN-REG-000155;труба;электросварная спиральношовная;Труба электросварная спиральношовная 630x12 09Г2С;Труба электросварная спиральношовная 630x12 09Г2С;600;630;12;;;;63;09Г2С;К42;газ с H2S и CO2;requires_tu_lnd_passport;;;False;;ХЛ;ГОСТ 20295-85;ГОСТ 20295-85;74;pcs;True
SYN-REG-CARD-000156;MTR-SYN-REG-000156;KSM-SYN-REG-000156;труба;электросварная спиральношовная;Труба электросварная спиральношовная 630x12 13ХФА;Труба электросварная спиральношовная 630x12 13ХФА;600;630;12;;;;25;13ХФА;К52;техническая вода;requires_project_and_passport;;;True;False;ХЛ;ГОСТ 20295-85;ГОСТ 20295-85;5;pcs;True
SYN-REG-CARD-000157;MTR-SYN-REG-000157;KSM-SYN-REG-000157;труба;электросварная спиральношовная;Труба электросварная спиральношовная 426x10 20;Труба электросварная спиральношовная 426x10 20;400;426;10;;;;160;20;К48;газ с CO2;requires_tu_lnd_passport;;;False;True;ХЛ;ГОСТ 20295-85;ГОСТ 20295-85;14;pcs;True
SYN-REG-CARD-000158;MTR-SYN-REG-000158;KSM-SYN-REG-000158;труба;электросварная спиральношовная;Труба электросварная спиральношовная 530x10 09ГСФ;Труба электросварная спиральношовная 530x10 09ГСФ;500;530;10;;;;63;09ГСФ;К42;природный газ;requires_project_and_passport;;;False;True;У;ГОСТ 20295-85;ГОСТ 20295-85;68;pcs;True
SYN-REG-CARD-000159;MTR-SYN-REG-000159;KSM-SYN-REG-000159;труба;электросварная прямошовная;Труба электросварная прямошовная 426x10 20;Труба электросварная прямошовная 426x10 20;400;426;10;;;;100;20;К48;природный газ;requires_project_and_passport;;;True;True;УХЛ;ГОСТ 20295-85;ГОСТ 20295-85;46;pcs;True
SYN-REG-CARD-000160;MTR-SYN-REG-000160;KSM-SYN-REG-000160;труба;электросварная прямошовная;Труба электросварная прямошовная 530x10 20;Труба электросварная прямошовная 530x10 20;500;530;10;;;;16;20;К48;газ с H2S;requires_tu_lnd_passport;;;True;False;УХЛ;ГОСТ 20295-85;ГОСТ 20295-85;41;pcs;True
SYN-REG-CARD-000161;MTR-SYN-REG-000161;KSM-SYN-REG-000161;труба;электросварная спиральношовная;Труба электросварная спиральношовная 219x8 20;Труба электросварная спиральношовная 219x8 20;200;219;8;;;;16;20;К48;природный газ;requires_project_and_passport;;;;True;УХЛ;ГОСТ 20295-85;ГОСТ 20295-85;3;pcs;True
SYN-REG-CARD-000162;MTR-SYN-REG-000162;KSM-SYN-REG-000162;труба;электросварная прямошовная;Труба электросварная прямошовная 530x10 09Г2С;Труба электросварная прямошовная 530x10 09Г2С;500;530;10;;;;40;09Г2С;К52;газ с H2S и CO2;requires_tu_lnd_passport;;;;False;УХЛ;ГОСТ 20295-85;ГОСТ 20295-85;47;pcs;True
SYN-REG-CARD-000163;MTR-SYN-REG-000163;KSM-SYN-REG-000163;труба;электросварная спиральношовная;Труба электросварная спиральношовная 159x6 09ГСФ;Труба электросварная спиральношовная 159x6 09ГСФ;150;159;6;;;;25;09ГСФ;К48;газ с H2S;requires_tu_lnd_passport;;;False;False;ХЛ;ГОСТ 20295-85;ГОСТ 20295-85;33;pcs;True
SYN-REG-CARD-000164;MTR-SYN-REG-000164;KSM-SYN-REG-000164;труба;электросварная спиральношовная;Труба электросварная спиральношовная 159x6 20;Труба электросварная спиральношовная 159x6 20;150;159;6;;;;63;20;К56;газ с H2S и CO2;requires_tu_lnd_passport;;;False;True;УХЛ;ГОСТ 20295-85;ГОСТ 20295-85;67;pcs;True
SYN-REG-CARD-000165;MTR-SYN-REG-000165;KSM-SYN-REG-000165;труба;электросварная прямошовная;Труба электросварная прямошовная 530x10 09ГСФ;Труба электросварная прямошовная 530x10 09ГСФ;500;530;10;;;;40;09ГСФ;К48;коррозионно-активная среда;requires_tu_lnd_passport;;;False;False;ХЛ;ГОСТ 20295-85;ГОСТ 20295-85;8;pcs;True
SYN-REG-CARD-000166;MTR-SYN-REG-000166;KSM-SYN-REG-000166;труба;электросварная прямошовная;Труба электросварная прямошовная 325x8 13ХФА;Труба электросварная прямошовная 325x8 13ХФА;300;325;8;;;;100;13ХФА;К52;техническая вода;requires_project_and_passport;;;False;True;УХЛ;ГОСТ 20295-85;ГОСТ 20295-85;80;pcs;True
SYN-REG-CARD-000167;MTR-SYN-REG-000167;KSM-SYN-REG-000167;труба;электросварная прямошовная;Труба электросварная прямошовная 530x10 20;Труба электросварная прямошовная 530x10 20;500;530;10;;;;40;20;К52;коррозионно-активная среда;requires_tu_lnd_passport;;;False;True;УХЛ;ГОСТ 20295-85;ГОСТ 20295-85;44;pcs;True
SYN-REG-CARD-000168;MTR-SYN-REG-000168;KSM-SYN-REG-000168;труба;электросварная прямошовная;Труба электросварная прямошовная 820x14 20;Труба электросварная прямошовная 820x14 20;800;820;14;;;;100;20;К48;техническая вода;requires_project_and_passport;;;;False;У;ГОСТ 20295-85;ГОСТ 20295-85;74;pcs;True
SYN-REG-CARD-000169;MTR-SYN-REG-000169;KSM-SYN-REG-000169;труба;электросварная прямошовная;Труба электросварная прямошовная 530x10 13ХФА;Труба электросварная прямошовная 530x10 13ХФА;500;530;10;;;;160;13ХФА;К42;природный газ;requires_project_and_passport;;;False;False;ХЛ;ГОСТ 20295-85;ГОСТ 20295-85;50;pcs;True
SYN-REG-CARD-000170;MTR-SYN-REG-000170;KSM-SYN-REG-000170;труба;электросварная прямошовная;Труба электросварная прямошовная 530x10 20;Труба электросварная прямошовная 530x10 20;500;530;10;;;;25;20;К56;газ с CO2;requires_tu_lnd_passport;;;False;True;ХЛ;ГОСТ 20295-85;ГОСТ 20295-85;65;pcs;True
SYN-REG-CARD-000171;MTR-SYN-REG-000171;KSM-SYN-REG-000171;труба;электросварная прямошовная;Труба электросварная прямошовная 159x6 09ГСФ;Труба электросварная прямошовная 159x6 09ГСФ;150;159;6;;;;25;09ГСФ;К56;природный газ;requires_project_and_passport;;;False;True;У;ГОСТ 20295-85;ГОСТ 20295-85;9;pcs;True
SYN-REG-CARD-000172;MTR-SYN-REG-000172;KSM-SYN-REG-000172;труба;электросварная спиральношовная;Труба электросварная спиральношовная 219x8 20;Труба электросварная спиральношовная 219x8 20;200;219;8;;;;25;20;К42;техническая вода;requires_project_and_passport;;;False;True;УХЛ;ГОСТ 20295-85;ГОСТ 20295-85;80;pcs;True
SYN-REG-CARD-000173;MTR-SYN-REG-000173;KSM-SYN-REG-000173;труба;электросварная прямошовная;Труба электросварная прямошовная 426x10 09Г2С;Труба электросварная прямошовная 426x10 09Г2С;400;426;10;;;;160;09Г2С;К42;коррозионно-активная среда;requires_tu_lnd_passport;;;True;True;У;ГОСТ 20295-85;ГОСТ 20295-85;9;pcs;True
SYN-REG-CARD-000174;MTR-SYN-REG-000174;KSM-SYN-REG-000174;труба;электросварная прямошовная;Труба электросварная прямошовная 820x14 20;Труба электросварная прямошовная 820x14 20;800;820;14;;;;40;20;К56;природный газ;requires_project_and_passport;;;True;True;У;ГОСТ 20295-85;ГОСТ 20295-85;53;pcs;True
SYN-REG-CARD-000175;MTR-SYN-REG-000175;KSM-SYN-REG-000175;труба;электросварная прямошовная;Труба электросварная прямошовная 219x8 09Г2С;Труба электросварная прямошовная 219x8 09Г2С;200;219;8;;;;100;09Г2С;К52;коррозионно-активная среда;requires_tu_lnd_passport;;;True;True;ХЛ;ГОСТ 20295-85;ГОСТ 20295-85;29;pcs;True
SYN-REG-CARD-000176;MTR-SYN-REG-000176;KSM-SYN-REG-000176;труба;электросварная прямошовная;Труба электросварная прямошовная 426x10 09ГСФ;Труба электросварная прямошовная 426x10 09ГСФ;400;426;10;;;;63;09ГСФ;К56;газ с H2S;requires_tu_lnd_passport;;;True;True;ХЛ;ГОСТ 20295-85;ГОСТ 20295-85;33;pcs;True
SYN-REG-CARD-000177;MTR-SYN-REG-000177;KSM-SYN-REG-000177;труба;электросварная спиральношовная;Труба электросварная спиральношовная 1020x16 09Г2С;Труба электросварная спиральношовная 1020x16 09Г2С;1000;1020;16;;;;160;09Г2С;К56;природный газ;requires_project_and_passport;;;True;;УХЛ;ГОСТ 20295-85;ГОСТ 20295-85;77;pcs;True
SYN-REG-CARD-000178;MTR-SYN-REG-000178;KSM-SYN-REG-000178;труба;электросварная спиральношовная;Труба электросварная спиральношовная 820x14 09Г2С;Труба электросварная спиральношовная 820x14 09Г2С;800;820;14;;;;16;09Г2С;К48;газ с H2S;requires_tu_lnd_passport;;;False;False;ХЛ;ГОСТ 20295-85;ГОСТ 20295-85;70;pcs;True
SYN-REG-CARD-000179;MTR-SYN-REG-000179;KSM-SYN-REG-000179;труба;электросварная прямошовная;Труба электросварная прямошовная 426x10 13ХФА;Труба электросварная прямошовная 426x10 13ХФА;400;426;10;;;;63;13ХФА;К56;газ с H2S;requires_tu_lnd_passport;;;True;True;УХЛ;ГОСТ 20295-85;ГОСТ 20295-85;3;pcs;True
SYN-REG-CARD-000180;MTR-SYN-REG-000180;KSM-SYN-REG-000180;труба;электросварная спиральношовная;Труба электросварная спиральношовная 426x10 09Г2С;Труба электросварная спиральношовная 426x10 09Г2С;400;426;10;;;;63;09Г2С;К48;природный газ;requires_project_and_passport;;;False;True;У;ГОСТ 20295-85;ГОСТ 20295-85;61;pcs;True
SYN-REG-CARD-000181;MTR-SYN-REG-000181;KSM-SYN-REG-000181;труба;электросварная прямошовная;Труба электросварная прямошовная 820x14 09ГСФ;Труба электросварная прямошовная 820x14 09ГСФ;800;820;14;;;;40;09ГСФ;К52;газ с H2S;requires_tu_lnd_passport;;;False;True;У;ГОСТ 20295-85;ГОСТ 20295-85;31;pcs;True
SYN-REG-CARD-000182;MTR-SYN-REG-000182;KSM-SYN-REG-000182;труба;электросварная спиральношовная;Труба электросварная спиральношовная 820x14 09Г2С;Труба электросварная спиральношовная 820x14 09Г2С;800;820;14;;;;40;09Г2С;К48;газ с H2S;requires_tu_lnd_passport;;;;True;ХЛ;ГОСТ 20295-85;ГОСТ 20295-85;8;pcs;True
SYN-REG-CARD-000183;MTR-SYN-REG-000183;KSM-SYN-REG-000183;труба;электросварная прямошовная;Труба электросварная прямошовная 820x14 13ХФА;Труба электросварная прямошовная 820x14 13ХФА;800;820;14;;;;16;13ХФА;К52;нефть;requires_project_and_passport;;;True;True;У;ГОСТ 20295-85;ГОСТ 20295-85;65;pcs;True
SYN-REG-CARD-000184;MTR-SYN-REG-000184;KSM-SYN-REG-000184;труба;электросварная спиральношовная;Труба электросварная спиральношовная 1020x16 20;Труба электросварная спиральношовная 1020x16 20;1000;1020;16;;;;100;20;К48;газ с H2S и CO2;requires_tu_lnd_passport;;;;False;ХЛ;ГОСТ 20295-85;ГОСТ 20295-85;32;pcs;True
SYN-REG-CARD-000185;MTR-SYN-REG-000185;KSM-SYN-REG-000185;труба;электросварная спиральношовная;Труба электросварная спиральношовная 219x8 09ГСФ;Труба электросварная спиральношовная 219x8 09ГСФ;200;219;8;;;;100;09ГСФ;К52;газ с H2S и CO2;requires_tu_lnd_passport;;;False;True;ХЛ;ГОСТ 20295-85;ГОСТ 20295-85;40;pcs;True
SYN-REG-CARD-000186;MTR-SYN-REG-000186;KSM-SYN-REG-000186;труба;электросварная спиральношовная;Труба электросварная спиральношовная 630x12 09ГСФ;Труба электросварная спиральношовная 630x12 09ГСФ;600;630;12;;;;40;09ГСФ;К48;газ с H2S;requires_tu_lnd_passport;;;;False;У;ГОСТ 20295-85;ГОСТ 20295-85;18;pcs;True
SYN-REG-CARD-000187;MTR-SYN-REG-000187;KSM-SYN-REG-000187;труба;электросварная прямошовная;Труба электросварная прямошовная 159x6 09ГСФ;Труба электросварная прямошовная 159x6 09ГСФ;150;159;6;;;;63;09ГСФ;К42;газ с H2S;requires_tu_lnd_passport;;;False;False;УХЛ;ГОСТ 20295-85;ГОСТ 20295-85;15;pcs;True
SYN-REG-CARD-000188;MTR-SYN-REG-000188;KSM-SYN-REG-000188;труба;электросварная прямошовная;Труба электросварная прямошовная 820x14 09Г2С;Труба электросварная прямошовная 820x14 09Г2С;800;820;14;;;;25;09Г2С;К42;газ с H2S;requires_tu_lnd_passport;;;;;У;ГОСТ 20295-85;ГОСТ 20295-85;67;pcs;True
SYN-REG-CARD-000189;MTR-SYN-REG-000189;KSM-SYN-REG-000189;труба;электросварная прямошовная;Труба электросварная прямошовная 325x8 09Г2С;Труба электросварная прямошовная 325x8 09Г2С;300;325;8;;;;40;09Г2С;К48;техническая вода;requires_project_and_passport;;;False;True;У;ГОСТ 20295-85;ГОСТ 20295-85;8;pcs;True
SYN-REG-CARD-000190;MTR-SYN-REG-000190;KSM-SYN-REG-000190;труба;электросварная прямошовная;Труба электросварная прямошовная 426x10 20;Труба электросварная прямошовная 426x10 20;400;426;10;;;;25;20;К48;коррозионно-активная среда;requires_tu_lnd_passport;;;;True;УХЛ;ГОСТ 20295-85;ГОСТ 20295-85;6;pcs;True
SYN-REG-CARD-000191;MTR-SYN-REG-000191;KSM-SYN-REG-000191;труба;электросварная спиральношовная;Труба электросварная спиральношовная 219x8 20;Труба электросварная спиральношовная 219x8 20;200;219;8;;;;25;20;К52;коррозионно-активная среда;requires_tu_lnd_passport;;;True;True;ХЛ;ГОСТ 20295-85;ГОСТ 20295-85;56;pcs;True
SYN-REG-CARD-000192;MTR-SYN-REG-000192;KSM-SYN-REG-000192;труба;электросварная прямошовная;Труба электросварная прямошовная 219x8 09Г2С;Труба электросварная прямошовная 219x8 09Г2С;200;219;8;;;;40;09Г2С;К42;природный газ;requires_project_and_passport;;;False;True;У;ГОСТ 20295-85;ГОСТ 20295-85;74;pcs;True
SYN-REG-CARD-000193;MTR-SYN-REG-000193;KSM-SYN-REG-000193;труба;электросварная спиральношовная;Труба электросварная спиральношовная 1020x16 13ХФА;Труба электросварная спиральношовная 1020x16 13ХФА;1000;1020;16;;;;160;13ХФА;К56;коррозионно-активная среда;requires_tu_lnd_passport;;;False;False;У;ГОСТ 20295-85;ГОСТ 20295-85;69;pcs;True
SYN-REG-CARD-000194;MTR-SYN-REG-000194;KSM-SYN-REG-000194;труба;электросварная спиральношовная;Труба электросварная спиральношовная 426x10 13ХФА;Труба электросварная спиральношовная 426x10 13ХФА;400;426;10;;;;100;13ХФА;К52;техническая вода;requires_project_and_passport;;;True;True;У;ГОСТ 20295-85;ГОСТ 20295-85;65;pcs;True
SYN-REG-CARD-000195;MTR-SYN-REG-000195;KSM-SYN-REG-000195;труба;электросварная спиральношовная;Труба электросварная спиральношовная 820x14 13ХФА;Труба электросварная спиральношовная 820x14 13ХФА;800;820;14;;;;160;13ХФА;К52;газ с H2S;requires_tu_lnd_passport;;;False;;У;ГОСТ 20295-85;ГОСТ 20295-85;42;pcs;True
SYN-REG-CARD-000196;MTR-SYN-REG-000196;KSM-SYN-REG-000196;труба;электросварная спиральношовная;Труба электросварная спиральношовная 630x12 09Г2С;Труба электросварная спиральношовная 630x12 09Г2С;600;630;12;;;;25;09Г2С;К56;газ с CO2;requires_tu_lnd_passport;;;True;True;У;ГОСТ 20295-85;ГОСТ 20295-85;9;pcs;True
SYN-REG-CARD-000197;MTR-SYN-REG-000197;KSM-SYN-REG-000197;труба;электросварная прямошовная;Труба электросварная прямошовная 426x10 09ГСФ;Труба электросварная прямошовная 426x10 09ГСФ;400;426;10;;;;100;09ГСФ;К42;коррозионно-активная среда;requires_tu_lnd_passport;;;False;;УХЛ;ГОСТ 20295-85;ГОСТ 20295-85;32;pcs;True
SYN-REG-CARD-000198;MTR-SYN-REG-000198;KSM-SYN-REG-000198;труба;электросварная спиральношовная;Труба электросварная спиральношовная 630x12 09ГСФ;Труба электросварная спиральношовная 630x12 09ГСФ;600;630;12;;;;25;09ГСФ;К42;техническая вода;requires_project_and_passport;;;True;True;УХЛ;ГОСТ 20295-85;ГОСТ 20295-85;15;pcs;True
SYN-REG-CARD-000199;MTR-SYN-REG-000199;KSM-SYN-REG-000199;труба;электросварная прямошовная;Труба электросварная прямошовная 219x8 09ГСФ;Труба электросварная прямошовная 219x8 09ГСФ;200;219;8;;;;40;09ГСФ;К56;газ с H2S и CO2;requires_tu_lnd_passport;;;False;True;У;ГОСТ 20295-85;ГОСТ 20295-85;8;pcs;True
SYN-REG-CARD-000200;MTR-SYN-REG-000200;KSM-SYN-REG-000200;труба;электросварная спиральношовная;Труба электросварная спиральношовная 820x14 09ГСФ;Труба электросварная спиральношовная 820x14 09ГСФ;800;820;14;;;;160;09ГСФ;К56;газ с H2S;requires_tu_lnd_passport;;;True;True;ХЛ;ГОСТ 20295-85;ГОСТ 20295-85;62;pcs;True
SYN-REG-CARD-000201;MTR-SYN-REG-000201;KSM-SYN-REG-000201;труба;электросварная прямошовная;Труба электросварная прямошовная 530x10 09ГСФ;Труба электросварная прямошовная 530x10 09ГСФ;500;530;10;;;;16;09ГСФ;К56;природный газ;requires_project_and_passport;;;True;True;ХЛ;ГОСТ 20295-85;ГОСТ 20295-85;25;pcs;True
SYN-REG-CARD-000202;MTR-SYN-REG-000202;KSM-SYN-REG-000202;труба;электросварная прямошовная;Труба электросварная прямошовная 630x12 09Г2С;Труба электросварная прямошовная 630x12 09Г2С;600;630;12;;;;16;09Г2С;К52;коррозионно-активная среда;requires_tu_lnd_passport;;;True;True;У;ГОСТ 20295-85;ГОСТ 20295-85;63;pcs;True
SYN-REG-CARD-000203;MTR-SYN-REG-000203;KSM-SYN-REG-000203;труба;электросварная спиральношовная;Труба электросварная спиральношовная 426x10 09ГСФ;Труба электросварная спиральношовная 426x10 09ГСФ;400;426;10;;;;25;09ГСФ;К56;нефть;requires_project_and_passport;;;False;True;У;ГОСТ 20295-85;ГОСТ 20295-85;78;pcs;True
SYN-REG-CARD-000204;MTR-SYN-REG-000204;KSM-SYN-REG-000204;труба;электросварная прямошовная;Труба электросварная прямошовная 325x8 09ГСФ;Труба электросварная прямошовная 325x8 09ГСФ;300;325;8;;;;25;09ГСФ;К56;природный газ;requires_project_and_passport;;;True;True;У;ГОСТ 20295-85;ГОСТ 20295-85;31;pcs;True
SYN-REG-CARD-000205;MTR-SYN-REG-000205;KSM-SYN-REG-000205;труба;электросварная прямошовная;Труба электросварная прямошовная 820x14 09ГСФ;Труба электросварная прямошовная 820x14 09ГСФ;800;820;14;;;;16;09ГСФ;К42;техническая вода;requires_project_and_passport;;;False;True;ХЛ;ГОСТ 20295-85;ГОСТ 20295-85;26;pcs;True
SYN-REG-CARD-000206;MTR-SYN-REG-000206;KSM-SYN-REG-000206;труба;электросварная прямошовная;Труба электросварная прямошовная 530x10 20;Труба электросварная прямошовная 530x10 20;500;530;10;;;;100;20;К42;коррозионно-активная среда;requires_tu_lnd_passport;;;False;True;УХЛ;ГОСТ 20295-85;ГОСТ 20295-85;31;pcs;True
SYN-REG-CARD-000207;MTR-SYN-REG-000207;KSM-SYN-REG-000207;труба;электросварная прямошовная;Труба электросварная прямошовная 325x8 13ХФА;Труба электросварная прямошовная 325x8 13ХФА;300;325;8;;;;100;13ХФА;К52;техническая вода;requires_project_and_passport;;;False;True;УХЛ;ГОСТ 20295-85;ГОСТ 20295-85;58;pcs;True
SYN-REG-CARD-000208;MTR-SYN-REG-000208;KSM-SYN-REG-000208;труба;электросварная спиральношовная;Труба электросварная спиральношовная 426x10 13ХФА;Труба электросварная спиральношовная 426x10 13ХФА;400;426;10;;;;100;13ХФА;К56;газ с H2S и CO2;requires_tu_lnd_passport;;;False;True;У;ГОСТ 20295-85;ГОСТ 20295-85;28;pcs;True
SYN-REG-CARD-000209;MTR-SYN-REG-000209;KSM-SYN-REG-000209;труба;электросварная спиральношовная;Труба электросварная спиральношовная 1020x16 13ХФА;Труба электросварная спиральношовная 1020x16 13ХФА;1000;1020;16;;;;160;13ХФА;К52;газ с CO2;requires_tu_lnd_passport;;;True;;ХЛ;ГОСТ 20295-85;ГОСТ 20295-85;8;pcs;True
SYN-REG-CARD-000210;MTR-SYN-REG-000210;KSM-SYN-REG-000210;труба;электросварная спиральношовная;Труба электросварная спиральношовная 1020x16 20;Труба электросварная спиральношовная 1020x16 20;1000;1020;16;;;;160;20;К48;коррозионно-активная среда;requires_tu_lnd_passport;;;False;True;ХЛ;ГОСТ 20295-85;ГОСТ 20295-85;66;pcs;True
SYN-REG-CARD-000211;MTR-SYN-REG-000211;KSM-SYN-REG-000211;труба;электросварная прямошовная;Труба электросварная прямошовная 159x6 20;Труба электросварная прямошовная 159x6 20;150;159;6;;;;63;20;К56;нефть;requires_project_and_passport;;;False;False;ХЛ;ГОСТ 20295-85;ГОСТ 20295-85;64;pcs;True
SYN-REG-CARD-000212;MTR-SYN-REG-000212;KSM-SYN-REG-000212;труба;электросварная прямошовная;Труба электросварная прямошовная 720x12 09ГСФ;Труба электросварная прямошовная 720x12 09ГСФ;700;720;12;;;;25;09ГСФ;К52;газ с H2S;requires_tu_lnd_passport;;;True;;ХЛ;ГОСТ 20295-85;ГОСТ 20295-85;51;pcs;True
SYN-REG-CARD-000213;MTR-SYN-REG-000213;KSM-SYN-REG-000213;труба;электросварная прямошовная;Труба электросварная прямошовная 1020x16 13ХФА;Труба электросварная прямошовная 1020x16 13ХФА;1000;1020;16;;;;100;13ХФА;К48;нефть;requires_project_and_passport;;;False;True;У;ГОСТ 20295-85;ГОСТ 20295-85;44;pcs;True
SYN-REG-CARD-000214;MTR-SYN-REG-000214;KSM-SYN-REG-000214;труба;электросварная спиральношовная;Труба электросварная спиральношовная 325x8 09ГСФ;Труба электросварная спиральношовная 325x8 09ГСФ;300;325;8;;;;25;09ГСФ;К56;нефть;requires_project_and_passport;;;False;True;ХЛ;ГОСТ 20295-85;ГОСТ 20295-85;28;pcs;True
SYN-REG-CARD-000215;MTR-SYN-REG-000215;KSM-SYN-REG-000215;труба;электросварная спиральношовная;Труба электросварная спиральношовная 219x8 09Г2С;Труба электросварная спиральношовная 219x8 09Г2С;200;219;8;;;;25;09Г2С;К42;природный газ;requires_project_and_passport;;;False;False;ХЛ;ГОСТ 20295-85;ГОСТ 20295-85;22;pcs;True
SYN-REG-CARD-000216;MTR-SYN-REG-000216;KSM-SYN-REG-000216;труба;электросварная прямошовная;Труба электросварная прямошовная 530x10 09Г2С;Труба электросварная прямошовная 530x10 09Г2С;500;530;10;;;;16;09Г2С;К48;природный газ;requires_project_and_passport;;;False;True;ХЛ;ГОСТ 20295-85;ГОСТ 20295-85;77;pcs;True
SYN-REG-CARD-000217;MTR-SYN-REG-000217;KSM-SYN-REG-000217;труба;электросварная спиральношовная;Труба электросварная спиральношовная 325x8 09Г2С;Труба электросварная спиральношовная 325x8 09Г2С;300;325;8;;;;16;09Г2С;К56;нефть;requires_project_and_passport;;;False;True;ХЛ;ГОСТ 20295-85;ГОСТ 20295-85;76;pcs;True
SYN-REG-CARD-000218;MTR-SYN-REG-000218;KSM-SYN-REG-000218;труба;электросварная спиральношовная;Труба электросварная спиральношовная 630x12 09ГСФ;Труба электросварная спиральношовная 630x12 09ГСФ;600;630;12;;;;25;09ГСФ;К48;газ с H2S;requires_tu_lnd_passport;;;False;True;ХЛ;ГОСТ 20295-85;ГОСТ 20295-85;45;pcs;True
SYN-REG-CARD-000219;MTR-SYN-REG-000219;KSM-SYN-REG-000219;труба;электросварная прямошовная;Труба электросварная прямошовная 530x10 09Г2С;Труба электросварная прямошовная 530x10 09Г2С;500;530;10;;;;63;09Г2С;К42;техническая вода;requires_project_and_passport;;;False;True;УХЛ;ГОСТ 20295-85;ГОСТ 20295-85;65;pcs;True
SYN-REG-CARD-000220;MTR-SYN-REG-000220;KSM-SYN-REG-000220;труба;электросварная спиральношовная;Труба электросварная спиральношовная 1020x16 09Г2С;Труба электросварная спиральношовная 1020x16 09Г2С;1000;1020;16;;;;63;09Г2С;К56;природный газ;requires_project_and_passport;;;False;True;ХЛ;ГОСТ 20295-85;ГОСТ 20295-85;36;pcs;True
SYN-REG-CARD-000221;MTR-SYN-REG-000221;KSM-SYN-REG-000221;отвод;ОКШ 3D;ОКШ 90-426x10 20;ОКШ 90-426x10 20;400;426;10;;;90;16;20;К42;коррозионно-активная среда;requires_tu_lnd_passport;;;False;True;У;ГОСТ 17375-2001;ГОСТ 17375-2001;46;pcs;True
SYN-REG-CARD-000222;MTR-SYN-REG-000222;KSM-SYN-REG-000222;отвод;ОКШ 3D;ОКШ 45-108x4 09ГСФ;ОКШ 45-108x4 09ГСФ;100;108;4;;;45;63;09ГСФ;К42;природный газ;requires_project_and_passport;;;False;;ХЛ;ГОСТ 17375-2001;ГОСТ 17375-2001;1;pcs;True
SYN-REG-CARD-000223;MTR-SYN-REG-000223;KSM-SYN-REG-000223;отвод;ОКШ 3D;ОКШ 90-76x4 09ГСФ;ОКШ 90-76x4 09ГСФ;65;76;4;;;90;40;09ГСФ;К42;газ с H2S;requires_tu_lnd_passport;;;False;True;У;ГОСТ 17375-2001;ГОСТ 17375-2001;47;pcs;True
SYN-REG-CARD-000224;MTR-SYN-REG-000224;KSM-SYN-REG-000224;отвод;ОКШ 3D;ОКШ 90-377x12 13ХФА;ОКШ 90-377x12 13ХФА;350;377;12;;;90;160;13ХФА;К56;нефть;requires_project_and_passport;;;True;True;УХЛ;ГОСТ 17375-2001;ГОСТ 17375-2001;2;pcs;True
SYN-REG-CARD-000225;MTR-SYN-REG-000225;KSM-SYN-REG-000225;отвод;ОКШ 3D;ОКШ 90-133x6 09ГСФ;ОКШ 90-133x6 09ГСФ;125;133;6;;;90;160;09ГСФ;К56;газ с H2S и CO2;requires_tu_lnd_passport;;;True;False;ХЛ;ГОСТ 17375-2001;ГОСТ 17375-2001;75;pcs;True
SYN-REG-CARD-000226;MTR-SYN-REG-000226;KSM-SYN-REG-000226;отвод;ОКШ 3D;ОКШ 90-57x3 13ХФА;ОКШ 90-57x3 13ХФА;50;57;3;;;90;16;13ХФА;К42;газ с H2S и CO2;requires_tu_lnd_passport;;;True;True;УХЛ;ГОСТ 17375-2001;ГОСТ 17375-2001;41;pcs;True
SYN-REG-CARD-000227;MTR-SYN-REG-000227;KSM-SYN-REG-000227;отвод;ОКШ 3D;ОКШ 45-57x3 09ГСФ;ОКШ 45-57x3 09ГСФ;50;57;3;;;45;25;09ГСФ;К48;коррозионно-активная среда;requires_tu_lnd_passport;;;;False;ХЛ;ГОСТ 17375-2001;ГОСТ 17375-2001;5;pcs;True
SYN-REG-CARD-000228;MTR-SYN-REG-000228;KSM-SYN-REG-000228;отвод;ОКШ 3D;ОКШ 90-325x10 09ГСФ;ОКШ 90-325x10 09ГСФ;300;325;10;;;90;25;09ГСФ;К52;газ с H2S;requires_tu_lnd_passport;;;;True;ХЛ;ГОСТ 17375-2001;ГОСТ 17375-2001;76;pcs;True
SYN-REG-CARD-000229;MTR-SYN-REG-000229;KSM-SYN-REG-000229;отвод;ОКШ 3D;ОКШ 45-273x10 13ХФА;ОКШ 45-273x10 13ХФА;250;273;10;;;45;160;13ХФА;К56;газ с H2S и CO2;requires_tu_lnd_passport;;;False;True;ХЛ;ГОСТ 17375-2001;ГОСТ 17375-2001;73;pcs;True
SYN-REG-CARD-000230;MTR-SYN-REG-000230;KSM-SYN-REG-000230;отвод;ОКШ 3D;ОКШ 90-57x3 20;ОКШ 90-57x3 20;50;57;3;;;90;160;20;К48;газ с H2S;requires_tu_lnd_passport;;;False;True;УХЛ;ГОСТ 17375-2001;ГОСТ 17375-2001;67;pcs;True
SYN-REG-CARD-000231;MTR-SYN-REG-000231;KSM-SYN-REG-000231;отвод;ОКШ 3D;ОКШ 90-426x10 13ХФА;ОКШ 90-426x10 13ХФА;400;426;10;;;90;100;13ХФА;К42;газ с CO2;requires_tu_lnd_passport;;;False;True;УХЛ;ГОСТ 17375-2001;ГОСТ 17375-2001;65;pcs;True
SYN-REG-CARD-000232;MTR-SYN-REG-000232;KSM-SYN-REG-000232;отвод;ОКШ 3D;ОКШ 90-57x3 13ХФА;ОКШ 90-57x3 13ХФА;50;57;3;;;90;16;13ХФА;К48;газ с H2S;requires_tu_lnd_passport;;;False;True;У;ГОСТ 17375-2001;ГОСТ 17375-2001;30;pcs;True
SYN-REG-CARD-000233;MTR-SYN-REG-000233;KSM-SYN-REG-000233;отвод;ОКШ 3D;ОКШ 45-133x6 09ГСФ;ОКШ 45-133x6 09ГСФ;125;133;6;;;45;100;09ГСФ;К52;газ с H2S;requires_tu_lnd_passport;;;True;True;У;ГОСТ 17375-2001;ГОСТ 17375-2001;41;pcs;True
SYN-REG-CARD-000234;MTR-SYN-REG-000234;KSM-SYN-REG-000234;отвод;ОКШ 3D;ОКШ 45-377x12 09Г2С;ОКШ 45-377x12 09Г2С;350;377;12;;;45;63;09Г2С;К52;техническая вода;requires_project_and_passport;;;False;True;УХЛ;ГОСТ 17375-2001;ГОСТ 17375-2001;31;pcs;True
SYN-REG-CARD-000235;MTR-SYN-REG-000235;KSM-SYN-REG-000235;отвод;ОКШ 3D;ОКШ 45-159x6 09ГСФ;ОКШ 45-159x6 09ГСФ;150;159;6;;;45;25;09ГСФ;К52;газ с CO2;requires_tu_lnd_passport;;;True;;УХЛ;ГОСТ 17375-2001;ГОСТ 17375-2001;6;pcs;True
SYN-REG-CARD-000236;MTR-SYN-REG-000236;KSM-SYN-REG-000236;отвод;ОКШ 3D;ОКШ 90-325x10 09ГСФ;ОКШ 90-325x10 09ГСФ;300;325;10;;;90;100;09ГСФ;К56;природный газ;requires_project_and_passport;;;;True;ХЛ;ГОСТ 17375-2001;ГОСТ 17375-2001;47;pcs;True
SYN-REG-CARD-000237;MTR-SYN-REG-000237;KSM-SYN-REG-000237;отвод;ОКШ 3D;ОКШ 90-76x4 13ХФА;ОКШ 90-76x4 13ХФА;65;76;4;;;90;16;13ХФА;К48;газ с H2S;requires_tu_lnd_passport;;;;;У;ГОСТ 17375-2001;ГОСТ 17375-2001;16;pcs;True
SYN-REG-CARD-000238;MTR-SYN-REG-000238;KSM-SYN-REG-000238;отвод;ОКШ 3D;ОКШ 45-133x6 09ГСФ;ОКШ 45-133x6 09ГСФ;125;133;6;;;45;16;09ГСФ;К42;газ с H2S;requires_tu_lnd_passport;;;False;True;ХЛ;ГОСТ 17375-2001;ГОСТ 17375-2001;48;pcs;True
SYN-REG-CARD-000239;MTR-SYN-REG-000239;KSM-SYN-REG-000239;отвод;ОКШ 3D;ОКШ 90-219x8 09Г2С;ОКШ 90-219x8 09Г2С;200;219;8;;;90;25;09Г2С;К48;газ с CO2;requires_tu_lnd_passport;;;False;False;УХЛ;ГОСТ 17375-2001;ГОСТ 17375-2001;37;pcs;True
SYN-REG-CARD-000240;MTR-SYN-REG-000240;KSM-SYN-REG-000240;отвод;ОКШ 3D;ОКШ 90-159x6 09ГСФ;ОКШ 90-159x6 09ГСФ;150;159;6;;;90;100;09ГСФ;К48;природный газ;requires_project_and_passport;;;True;False;УХЛ;ГОСТ 17375-2001;ГОСТ 17375-2001;15;pcs;True
SYN-REG-CARD-000241;MTR-SYN-REG-000241;KSM-SYN-REG-000241;отвод;ОКШ 3D;ОКШ 90-325x10 13ХФА;ОКШ 90-325x10 13ХФА;300;325;10;;;90;16;13ХФА;К56;газ с H2S;requires_tu_lnd_passport;;;True;True;У;ГОСТ 17375-2001;ГОСТ 17375-2001;5;pcs;True
SYN-REG-CARD-000242;MTR-SYN-REG-000242;KSM-SYN-REG-000242;отвод;ОКШ 3D;ОКШ 45-219x8 13ХФА;ОКШ 45-219x8 13ХФА;200;219;8;;;45;40;13ХФА;К56;газ с H2S;requires_tu_lnd_passport;;;;True;У;ГОСТ 17375-2001;ГОСТ 17375-2001;47;pcs;True
SYN-REG-CARD-000243;MTR-SYN-REG-000243;KSM-SYN-REG-000243;отвод;ОКШ 3D;ОКШ 45-159x6 20;ОКШ 45-159x6 20;150;159;6;;;45;100;20;К48;техническая вода;requires_project_and_passport;;;;False;ХЛ;ГОСТ 17375-2001;ГОСТ 17375-2001;28;pcs;True
SYN-REG-CARD-000244;MTR-SYN-REG-000244;KSM-SYN-REG-000244;отвод;ОКШ 3D;ОКШ 45-57x3 09ГСФ;ОКШ 45-57x3 09ГСФ;50;57;3;;;45;40;09ГСФ;К48;газ с H2S и CO2;requires_tu_lnd_passport;;;False;True;ХЛ;ГОСТ 17375-2001;ГОСТ 17375-2001;70;pcs;True
SYN-REG-CARD-000245;MTR-SYN-REG-000245;KSM-SYN-REG-000245;отвод;ОКШ 3D;ОКШ 90-133x6 13ХФА;ОКШ 90-133x6 13ХФА;125;133;6;;;90;40;13ХФА;К52;газ с H2S и CO2;requires_tu_lnd_passport;;;False;;УХЛ;ГОСТ 17375-2001;ГОСТ 17375-2001;75;pcs;True
SYN-REG-CARD-000246;MTR-SYN-REG-000246;KSM-SYN-REG-000246;отвод;ОКШ 3D;ОКШ 45-159x6 09ГСФ;ОКШ 45-159x6 09ГСФ;150;159;6;;;45;25;09ГСФ;К42;газ с H2S;requires_tu_lnd_passport;;;True;True;УХЛ;ГОСТ 17375-2001;ГОСТ 17375-2001;9;pcs;True
SYN-REG-CARD-000247;MTR-SYN-REG-000247;KSM-SYN-REG-000247;отвод;ОКШ 3D;ОКШ 45-108x4 20;ОКШ 45-108x4 20;100;108;4;;;45;63;20;К42;природный газ;requires_project_and_passport;;;True;True;У;ГОСТ 17375-2001;ГОСТ 17375-2001;31;pcs;True
SYN-REG-CARD-000248;MTR-SYN-REG-000248;KSM-SYN-REG-000248;отвод;ОКШ 3D;ОКШ 90-108x4 09ГСФ;ОКШ 90-108x4 09ГСФ;100;108;4;;;90;63;09ГСФ;К42;газ с H2S и CO2;requires_tu_lnd_passport;;;True;True;ХЛ;ГОСТ 17375-2001;ГОСТ 17375-2001;74;pcs;True
SYN-REG-CARD-000249;MTR-SYN-REG-000249;KSM-SYN-REG-000249;отвод;ОКШ 3D;ОКШ 90-426x10 13ХФА;ОКШ 90-426x10 13ХФА;400;426;10;;;90;40;13ХФА;К56;газ с H2S;requires_tu_lnd_passport;;;False;;ХЛ;ГОСТ 17375-2001;ГОСТ 17375-2001;58;pcs;True
SYN-REG-CARD-000250;MTR-SYN-REG-000250;KSM-SYN-REG-000250;отвод;ОКШ 3D;ОКШ 45-377x12 09Г2С;ОКШ 45-377x12 09Г2С;350;377;12;;;45;160;09Г2С;К56;природный газ;requires_project_and_passport;;;False;False;У;ГОСТ 17375-2001;ГОСТ 17375-2001;64;pcs;True
SYN-REG-CARD-000251;MTR-SYN-REG-000251;KSM-SYN-REG-000251;отвод;ОКШ 3D;ОКШ 90-219x8 09ГСФ;ОКШ 90-219x8 09ГСФ;200;219;8;;;90;160;09ГСФ;К52;газ с CO2;requires_tu_lnd_passport;;;False;;ХЛ;ГОСТ 17375-2001;ГОСТ 17375-2001;4;pcs;True
SYN-REG-CARD-000252;MTR-SYN-REG-000252;KSM-SYN-REG-000252;отвод;ОКШ 3D;ОКШ 45-89x4 09ГСФ;ОКШ 45-89x4 09ГСФ;80;89;4;;;45;40;09ГСФ;К48;газ с H2S;requires_tu_lnd_passport;;;False;True;У;ГОСТ 17375-2001;ГОСТ 17375-2001;20;pcs;True
SYN-REG-CARD-000253;MTR-SYN-REG-000253;KSM-SYN-REG-000253;отвод;ОКШ 3D;ОКШ 45-273x10 09ГСФ;ОКШ 45-273x10 09ГСФ;250;273;10;;;45;25;09ГСФ;К42;природный газ;requires_project_and_passport;;;False;True;У;ГОСТ 17375-2001;ГОСТ 17375-2001;35;pcs;True
SYN-REG-CARD-000254;MTR-SYN-REG-000254;KSM-SYN-REG-000254;отвод;ОКШ 3D;ОКШ 90-76x4 09Г2С;ОКШ 90-76x4 09Г2С;65;76;4;;;90;16;09Г2С;К56;газ с H2S и CO2;requires_tu_lnd_passport;;;True;True;У;ГОСТ 17375-2001;ГОСТ 17375-2001;31;pcs;True
SYN-REG-CARD-000255;MTR-SYN-REG-000255;KSM-SYN-REG-000255;отвод;ОКШ 3D;ОКШ 90-325x10 20;ОКШ 90-325x10 20;300;325;10;;;90;25;20;К56;газ с H2S и CO2;requires_tu_lnd_passport;;;True;True;ХЛ;ГОСТ 17375-2001;ГОСТ 17375-2001;8;pcs;True
SYN-REG-CARD-000256;MTR-SYN-REG-000256;KSM-SYN-REG-000256;отвод;ОКШ 3D;ОКШ 90-76x4 20;ОКШ 90-76x4 20;65;76;4;;;90;63;20;К48;техническая вода;requires_project_and_passport;;;True;True;УХЛ;ГОСТ 17375-2001;ГОСТ 17375-2001;37;pcs;True
SYN-REG-CARD-000257;MTR-SYN-REG-000257;KSM-SYN-REG-000257;отвод;ОКШ 3D;ОКШ 90-219x8 20;ОКШ 90-219x8 20;200;219;8;;;90;25;20;К52;газ с H2S;requires_tu_lnd_passport;;;True;True;У;ГОСТ 17375-2001;ГОСТ 17375-2001;8;pcs;True
SYN-REG-CARD-000258;MTR-SYN-REG-000258;KSM-SYN-REG-000258;отвод;ОКШ 3D;ОКШ 90-89x4 09ГСФ;ОКШ 90-89x4 09ГСФ;80;89;4;;;90;16;09ГСФ;К56;техническая вода;requires_project_and_passport;;;False;True;ХЛ;ГОСТ 17375-2001;ГОСТ 17375-2001;37;pcs;True
SYN-REG-CARD-000259;MTR-SYN-REG-000259;KSM-SYN-REG-000259;отвод;ОКШ 3D;ОКШ 45-273x10 09Г2С;ОКШ 45-273x10 09Г2С;250;273;10;;;45;160;09Г2С;К48;газ с H2S и CO2;requires_tu_lnd_passport;;;False;;У;ГОСТ 17375-2001;ГОСТ 17375-2001;24;pcs;True
SYN-REG-CARD-000260;MTR-SYN-REG-000260;KSM-SYN-REG-000260;отвод;ОКШ 3D;ОКШ 90-76x4 09Г2С;ОКШ 90-76x4 09Г2С;65;76;4;;;90;40;09Г2С;К52;коррозионно-активная среда;requires_tu_lnd_passport;;;False;False;У;ГОСТ 17375-2001;ГОСТ 17375-2001;51;pcs;True
SYN-REG-CARD-000261;MTR-SYN-REG-000261;KSM-SYN-REG-000261;отвод;ОКШ 3D;ОКШ 45-57x3 09ГСФ;ОКШ 45-57x3 09ГСФ;50;57;3;;;45;25;09ГСФ;К52;газ с CO2;requires_tu_lnd_passport;;;;True;У;ГОСТ 17375-2001;ГОСТ 17375-2001;52;pcs;True
SYN-REG-CARD-000262;MTR-SYN-REG-000262;KSM-SYN-REG-000262;отвод;ОКШ 3D;ОКШ 90-76x4 09Г2С;ОКШ 90-76x4 09Г2С;65;76;4;;;90;25;09Г2С;К52;газ с H2S;requires_tu_lnd_passport;;;True;True;У;ГОСТ 17375-2001;ГОСТ 17375-2001;63;pcs;True
SYN-REG-CARD-000263;MTR-SYN-REG-000263;KSM-SYN-REG-000263;отвод;ОКШ 3D;ОКШ 90-377x12 20;ОКШ 90-377x12 20;350;377;12;;;90;16;20;К42;коррозионно-активная среда;requires_tu_lnd_passport;;;False;True;ХЛ;ГОСТ 17375-2001;ГОСТ 17375-2001;25;pcs;True
SYN-REG-CARD-000264;MTR-SYN-REG-000264;KSM-SYN-REG-000264;отвод;ОКШ 3D;ОКШ 45-325x10 09Г2С;ОКШ 45-325x10 09Г2С;300;325;10;;;45;40;09Г2С;К52;газ с H2S;requires_tu_lnd_passport;;;False;True;У;ГОСТ 17375-2001;ГОСТ 17375-2001;60;pcs;True
SYN-REG-CARD-000265;MTR-SYN-REG-000265;KSM-SYN-REG-000265;отвод;ОКШ 3D;ОКШ 90-325x10 20;ОКШ 90-325x10 20;300;325;10;;;90;160;20;К52;газ с H2S и CO2;requires_tu_lnd_passport;;;False;True;УХЛ;ГОСТ 17375-2001;ГОСТ 17375-2001;40;pcs;True
SYN-REG-CARD-000266;MTR-SYN-REG-000266;KSM-SYN-REG-000266;отвод;ОКШ 3D;ОКШ 90-133x6 09ГСФ;ОКШ 90-133x6 09ГСФ;125;133;6;;;90;160;09ГСФ;К52;нефть;requires_project_and_passport;;;False;;УХЛ;ГОСТ 17375-2001;ГОСТ 17375-2001;53;pcs;True
SYN-REG-CARD-000267;MTR-SYN-REG-000267;KSM-SYN-REG-000267;отвод;ОКШ 3D;ОКШ 90-377x12 09Г2С;ОКШ 90-377x12 09Г2С;350;377;12;;;90;25;09Г2С;К48;природный газ;requires_project_and_passport;;;;True;ХЛ;ГОСТ 17375-2001;ГОСТ 17375-2001;12;pcs;True
SYN-REG-CARD-000268;MTR-SYN-REG-000268;KSM-SYN-REG-000268;отвод;ОКШ 3D;ОКШ 45-57x3 20;ОКШ 45-57x3 20;50;57;3;;;45;25;20;К42;газ с H2S;requires_tu_lnd_passport;;;;True;ХЛ;ГОСТ 17375-2001;ГОСТ 17375-2001;33;pcs;True
SYN-REG-CARD-000269;MTR-SYN-REG-000269;KSM-SYN-REG-000269;отвод;ОКШ 3D;ОКШ 45-273x10 09Г2С;ОКШ 45-273x10 09Г2С;250;273;10;;;45;25;09Г2С;К42;природный газ;requires_project_and_passport;;;False;True;УХЛ;ГОСТ 17375-2001;ГОСТ 17375-2001;24;pcs;True
SYN-REG-CARD-000270;MTR-SYN-REG-000270;KSM-SYN-REG-000270;отвод;ОКШ 3D;ОКШ 45-325x10 09ГСФ;ОКШ 45-325x10 09ГСФ;300;325;10;;;45;25;09ГСФ;К42;техническая вода;requires_project_and_passport;;;False;False;УХЛ;ГОСТ 17375-2001;ГОСТ 17375-2001;26;pcs;True
SYN-REG-CARD-000271;MTR-SYN-REG-000271;KSM-SYN-REG-000271;отвод;ОКШ 3D;ОКШ 90-159x6 13ХФА;ОКШ 90-159x6 13ХФА;150;159;6;;;90;40;13ХФА;К42;природный газ;requires_project_and_passport;;;True;;ХЛ;ГОСТ 17375-2001;ГОСТ 17375-2001;60;pcs;True
SYN-REG-CARD-000272;MTR-SYN-REG-000272;KSM-SYN-REG-000272;отвод;ОКШ 3D;ОКШ 45-89x4 09Г2С;ОКШ 45-89x4 09Г2С;80;89;4;;;45;40;09Г2С;К48;техническая вода;requires_project_and_passport;;;False;True;УХЛ;ГОСТ 17375-2001;ГОСТ 17375-2001;20;pcs;True
SYN-REG-CARD-000273;MTR-SYN-REG-000273;KSM-SYN-REG-000273;отвод;ОКШ 3D;ОКШ 90-530x10 20;ОКШ 90-530x10 20;500;530;10;;;90;100;20;К48;коррозионно-активная среда;requires_tu_lnd_passport;;;False;;УХЛ;ГОСТ 17375-2001;ГОСТ 17375-2001;78;pcs;True
SYN-REG-CARD-000274;MTR-SYN-REG-000274;KSM-SYN-REG-000274;отвод;ОКШ 3D;ОКШ 90-377x12 09Г2С;ОКШ 90-377x12 09Г2С;350;377;12;;;90;100;09Г2С;К56;природный газ;requires_project_and_passport;;;False;;У;ГОСТ 17375-2001;ГОСТ 17375-2001;31;pcs;True
SYN-REG-CARD-000275;MTR-SYN-REG-000275;KSM-SYN-REG-000275;отвод;ОКШ 3D;ОКШ 90-530x10 20;ОКШ 90-530x10 20;500;530;10;;;90;160;20;К48;газ с H2S;requires_tu_lnd_passport;;;False;False;УХЛ;ГОСТ 17375-2001;ГОСТ 17375-2001;24;pcs;True
SYN-REG-CARD-000276;MTR-SYN-REG-000276;KSM-SYN-REG-000276;отвод;ОКШ 3D;ОКШ 45-108x4 13ХФА;ОКШ 45-108x4 13ХФА;100;108;4;;;45;40;13ХФА;К42;природный газ;requires_project_and_passport;;;False;True;УХЛ;ГОСТ 17375-2001;ГОСТ 17375-2001;37;pcs;True
SYN-REG-CARD-000277;MTR-SYN-REG-000277;KSM-SYN-REG-000277;отвод;ОКШ 3D;ОКШ 90-76x4 09ГСФ;ОКШ 90-76x4 09ГСФ;65;76;4;;;90;25;09ГСФ;К48;техническая вода;requires_project_and_passport;;;False;True;ХЛ;ГОСТ 17375-2001;ГОСТ 17375-2001;75;pcs;True
SYN-REG-CARD-000278;MTR-SYN-REG-000278;KSM-SYN-REG-000278;отвод;ОКШ 3D;ОКШ 90-159x6 20;ОКШ 90-159x6 20;150;159;6;;;90;16;20;К48;газ с H2S и CO2;requires_tu_lnd_passport;;;True;True;ХЛ;ГОСТ 17375-2001;ГОСТ 17375-2001;73;pcs;True
SYN-REG-CARD-000279;MTR-SYN-REG-000279;KSM-SYN-REG-000279;отвод;ОКШ 3D;ОКШ 90-219x8 20;ОКШ 90-219x8 20;200;219;8;;;90;40;20;К56;техническая вода;requires_project_and_passport;;;False;True;У;ГОСТ 17375-2001;ГОСТ 17375-2001;7;pcs;True
SYN-REG-CARD-000280;MTR-SYN-REG-000280;KSM-SYN-REG-000280;отвод;ОКШ 3D;ОКШ 90-108x4 09ГСФ;ОКШ 90-108x4 09ГСФ;100;108;4;;;90;160;09ГСФ;К48;техническая вода;requires_project_and_passport;;;False;True;ХЛ;ГОСТ 17375-2001;ГОСТ 17375-2001;4;pcs;True
SYN-REG-CARD-000281;MTR-SYN-REG-000281;KSM-SYN-REG-000281;отвод;ОКШ 3D;ОКШ 90-108x4 09ГСФ;ОКШ 90-108x4 09ГСФ;100;108;4;;;90;160;09ГСФ;К52;газ с CO2;requires_tu_lnd_passport;;;;False;УХЛ;ГОСТ 17375-2001;ГОСТ 17375-2001;65;pcs;True
SYN-REG-CARD-000282;MTR-SYN-REG-000282;KSM-SYN-REG-000282;отвод;ОКШ 3D;ОКШ 90-219x8 09Г2С;ОКШ 90-219x8 09Г2С;200;219;8;;;90;25;09Г2С;К52;газ с H2S и CO2;requires_tu_lnd_passport;;;False;False;ХЛ;ГОСТ 17375-2001;ГОСТ 17375-2001;58;pcs;True
SYN-REG-CARD-000283;MTR-SYN-REG-000283;KSM-SYN-REG-000283;отвод;ОКШ 3D;ОКШ 90-76x4 13ХФА;ОКШ 90-76x4 13ХФА;65;76;4;;;90;100;13ХФА;К56;газ с H2S;requires_tu_lnd_passport;;;True;False;ХЛ;ГОСТ 17375-2001;ГОСТ 17375-2001;17;pcs;True
SYN-REG-CARD-000284;MTR-SYN-REG-000284;KSM-SYN-REG-000284;отвод;ОКШ 3D;ОКШ 45-133x6 09ГСФ;ОКШ 45-133x6 09ГСФ;125;133;6;;;45;25;09ГСФ;К48;газ с H2S;requires_tu_lnd_passport;;;False;;У;ГОСТ 17375-2001;ГОСТ 17375-2001;34;pcs;True
SYN-REG-CARD-000285;MTR-SYN-REG-000285;KSM-SYN-REG-000285;отвод;ОКШ 3D;ОКШ 45-325x10 09ГСФ;ОКШ 45-325x10 09ГСФ;300;325;10;;;45;100;09ГСФ;К56;нефть;requires_project_and_passport;;;False;True;УХЛ;ГОСТ 17375-2001;ГОСТ 17375-2001;22;pcs;True
SYN-REG-CARD-000286;MTR-SYN-REG-000286;KSM-SYN-REG-000286;отвод;ОКШ 3D;ОКШ 45-530x10 09Г2С;ОКШ 45-530x10 09Г2С;500;530;10;;;45;63;09Г2С;К52;газ с H2S;requires_tu_lnd_passport;;;;True;ХЛ;ГОСТ 17375-2001;ГОСТ 17375-2001;30;pcs;True
SYN-REG-CARD-000287;MTR-SYN-REG-000287;KSM-SYN-REG-000287;отвод;ОКШ 3D;ОКШ 90-426x10 09ГСФ;ОКШ 90-426x10 09ГСФ;400;426;10;;;90;16;09ГСФ;К48;нефть;requires_project_and_passport;;;False;True;ХЛ;ГОСТ 17375-2001;ГОСТ 17375-2001;7;pcs;True
SYN-REG-CARD-000288;MTR-SYN-REG-000288;KSM-SYN-REG-000288;отвод;ОКШ 3D;ОКШ 45-108x4 13ХФА;ОКШ 45-108x4 13ХФА;100;108;4;;;45;160;13ХФА;К52;коррозионно-активная среда;requires_tu_lnd_passport;;;True;;УХЛ;ГОСТ 17375-2001;ГОСТ 17375-2001;29;pcs;True
SYN-REG-CARD-000289;MTR-SYN-REG-000289;KSM-SYN-REG-000289;отвод;ОКШ 3D;ОКШ 45-108x4 13ХФА;ОКШ 45-108x4 13ХФА;100;108;4;;;45;25;13ХФА;К56;газ с CO2;requires_tu_lnd_passport;;;False;False;У;ГОСТ 17375-2001;ГОСТ 17375-2001;52;pcs;True
SYN-REG-CARD-000290;MTR-SYN-REG-000290;KSM-SYN-REG-000290;отвод;ОКШ 3D;ОКШ 90-219x8 13ХФА;ОКШ 90-219x8 13ХФА;200;219;8;;;90;63;13ХФА;К52;газ с H2S;requires_tu_lnd_passport;;;;True;УХЛ;ГОСТ 17375-2001;ГОСТ 17375-2001;67;pcs;True
SYN-REG-CARD-000291;MTR-SYN-REG-000291;KSM-SYN-REG-000291;отвод;ОКШ 3D;ОКШ 45-325x10 20;ОКШ 45-325x10 20;300;325;10;;;45;100;20;К48;газ с H2S и CO2;requires_tu_lnd_passport;;;True;True;У;ГОСТ 17375-2001;ГОСТ 17375-2001;41;pcs;True
SYN-REG-CARD-000292;MTR-SYN-REG-000292;KSM-SYN-REG-000292;отвод;ОКШ 3D;ОКШ 45-133x6 13ХФА;ОКШ 45-133x6 13ХФА;125;133;6;;;45;40;13ХФА;К52;газ с CO2;requires_tu_lnd_passport;;;False;True;УХЛ;ГОСТ 17375-2001;ГОСТ 17375-2001;38;pcs;True
SYN-REG-CARD-000293;MTR-SYN-REG-000293;KSM-SYN-REG-000293;отвод;ОКШ 3D;ОКШ 45-273x10 09Г2С;ОКШ 45-273x10 09Г2С;250;273;10;;;45;40;09Г2С;К42;коррозионно-активная среда;requires_tu_lnd_passport;;;;True;УХЛ;ГОСТ 17375-2001;ГОСТ 17375-2001;40;pcs;True
SYN-REG-CARD-000294;MTR-SYN-REG-000294;KSM-SYN-REG-000294;отвод;ОКШ 3D;ОКШ 90-108x4 13ХФА;ОКШ 90-108x4 13ХФА;100;108;4;;;90;40;13ХФА;К48;газ с CO2;requires_tu_lnd_passport;;;True;True;У;ГОСТ 17375-2001;ГОСТ 17375-2001;71;pcs;True
SYN-REG-CARD-000295;MTR-SYN-REG-000295;KSM-SYN-REG-000295;отвод;ОКШ 3D;ОКШ 45-108x4 09Г2С;ОКШ 45-108x4 09Г2С;100;108;4;;;45;100;09Г2С;К52;коррозионно-активная среда;requires_tu_lnd_passport;;;False;True;ХЛ;ГОСТ 17375-2001;ГОСТ 17375-2001;45;pcs;True
SYN-REG-CARD-000296;MTR-SYN-REG-000296;KSM-SYN-REG-000296;отвод;ОКШ 3D;ОКШ 45-377x12 20;ОКШ 45-377x12 20;350;377;12;;;45;25;20;К42;коррозионно-активная среда;requires_tu_lnd_passport;;;False;True;УХЛ;ГОСТ 17375-2001;ГОСТ 17375-2001;12;pcs;True
SYN-REG-CARD-000297;MTR-SYN-REG-000297;KSM-SYN-REG-000297;отвод;ОКШ 3D;ОКШ 90-89x4 09Г2С;ОКШ 90-89x4 09Г2С;80;89;4;;;90;63;09Г2С;К52;нефть;requires_project_and_passport;;;False;True;ХЛ;ГОСТ 17375-2001;ГОСТ 17375-2001;11;pcs;True
SYN-REG-CARD-000298;MTR-SYN-REG-000298;KSM-SYN-REG-000298;отвод;ОКШ 3D;ОКШ 90-133x6 20;ОКШ 90-133x6 20;125;133;6;;;90;16;20;К56;нефть;requires_project_and_passport;;;True;True;УХЛ;ГОСТ 17375-2001;ГОСТ 17375-2001;44;pcs;True
SYN-REG-CARD-000299;MTR-SYN-REG-000299;KSM-SYN-REG-000299;отвод;ОКШ 3D;ОКШ 45-426x10 09Г2С;ОКШ 45-426x10 09Г2С;400;426;10;;;45;63;09Г2С;К42;коррозионно-активная среда;requires_tu_lnd_passport;;;True;True;УХЛ;ГОСТ 17375-2001;ГОСТ 17375-2001;10;pcs;True
SYN-REG-CARD-000300;MTR-SYN-REG-000300;KSM-SYN-REG-000300;отвод;ОКШ 3D;ОКШ 45-219x8 20;ОКШ 45-219x8 20;200;219;8;;;45;16;20;К42;техническая вода;requires_project_and_passport;;;;True;ХЛ;ГОСТ 17375-2001;ГОСТ 17375-2001;62;pcs;True
SYN-REG-CARD-000301;MTR-SYN-REG-000301;KSM-SYN-REG-000301;отвод;ОКШ 3D;ОКШ 45-219x8 09ГСФ;ОКШ 45-219x8 09ГСФ;200;219;8;;;45;100;09ГСФ;К42;техническая вода;requires_project_and_passport;;;True;True;ХЛ;ГОСТ 17375-2001;ГОСТ 17375-2001;19;pcs;True
SYN-REG-CARD-000302;MTR-SYN-REG-000302;KSM-SYN-REG-000302;отвод;ОКШ 3D;ОКШ 45-89x4 13ХФА;ОКШ 45-89x4 13ХФА;80;89;4;;;45;16;13ХФА;К42;нефть;requires_project_and_passport;;;True;True;У;ГОСТ 17375-2001;ГОСТ 17375-2001;44;pcs;True
SYN-REG-CARD-000303;MTR-SYN-REG-000303;KSM-SYN-REG-000303;отвод;ОКШ 3D;ОКШ 45-159x6 09Г2С;ОКШ 45-159x6 09Г2С;150;159;6;;;45;40;09Г2С;К42;техническая вода;requires_project_and_passport;;;;True;ХЛ;ГОСТ 17375-2001;ГОСТ 17375-2001;69;pcs;True
SYN-REG-CARD-000304;MTR-SYN-REG-000304;KSM-SYN-REG-000304;отвод;ОКШ 3D;ОКШ 90-325x10 09ГСФ;ОКШ 90-325x10 09ГСФ;300;325;10;;;90;63;09ГСФ;К56;газ с H2S и CO2;requires_tu_lnd_passport;;;True;True;УХЛ;ГОСТ 17375-2001;ГОСТ 17375-2001;78;pcs;True
SYN-REG-CARD-000305;MTR-SYN-REG-000305;KSM-SYN-REG-000305;отвод;ОКШ 3D;ОКШ 45-89x4 20;ОКШ 45-89x4 20;80;89;4;;;45;25;20;К42;природный газ;requires_project_and_passport;;;True;True;У;ГОСТ 17375-2001;ГОСТ 17375-2001;36;pcs;True
SYN-REG-CARD-000306;MTR-SYN-REG-000306;KSM-SYN-REG-000306;отвод;ОКШ 3D;ОКШ 45-377x12 09Г2С;ОКШ 45-377x12 09Г2С;350;377;12;;;45;16;09Г2С;К48;природный газ;requires_project_and_passport;;;;True;ХЛ;ГОСТ 17375-2001;ГОСТ 17375-2001;47;pcs;True
SYN-REG-CARD-000307;MTR-SYN-REG-000307;KSM-SYN-REG-000307;отвод;ОКШ 3D;ОКШ 90-133x6 20;ОКШ 90-133x6 20;125;133;6;;;90;160;20;К52;техническая вода;requires_project_and_passport;;;False;True;У;ГОСТ 17375-2001;ГОСТ 17375-2001;32;pcs;True
SYN-REG-CARD-000308;MTR-SYN-REG-000308;KSM-SYN-REG-000308;отвод;ОКШ 3D;ОКШ 45-76x4 09ГСФ;ОКШ 45-76x4 09ГСФ;65;76;4;;;45;100;09ГСФ;К42;нефть;requires_project_and_passport;;;;True;У;ГОСТ 17375-2001;ГОСТ 17375-2001;60;pcs;True
SYN-REG-CARD-000309;MTR-SYN-REG-000309;KSM-SYN-REG-000309;отвод;ОКШ 3D;ОКШ 45-133x6 09Г2С;ОКШ 45-133x6 09Г2С;125;133;6;;;45;160;09Г2С;К56;газ с CO2;requires_tu_lnd_passport;;;False;False;У;ГОСТ 17375-2001;ГОСТ 17375-2001;13;pcs;True
SYN-REG-CARD-000310;MTR-SYN-REG-000310;KSM-SYN-REG-000310;отвод;ОКШ 3D;ОКШ 45-108x4 09ГСФ;ОКШ 45-108x4 09ГСФ;100;108;4;;;45;100;09ГСФ;К42;техническая вода;requires_project_and_passport;;;True;True;УХЛ;ГОСТ 17375-2001;ГОСТ 17375-2001;6;pcs;True
SYN-REG-CARD-000311;MTR-SYN-REG-000311;KSM-SYN-REG-000311;отвод;ОКШ 3D;ОКШ 90-133x6 09ГСФ;ОКШ 90-133x6 09ГСФ;125;133;6;;;90;40;09ГСФ;К42;техническая вода;requires_project_and_passport;;;True;True;ХЛ;ГОСТ 17375-2001;ГОСТ 17375-2001;30;pcs;True
SYN-REG-CARD-000312;MTR-SYN-REG-000312;KSM-SYN-REG-000312;отвод;ОКШ 3D;ОКШ 90-219x8 09ГСФ;ОКШ 90-219x8 09ГСФ;200;219;8;;;90;40;09ГСФ;К48;газ с H2S и CO2;requires_tu_lnd_passport;;;False;False;ХЛ;ГОСТ 17375-2001;ГОСТ 17375-2001;79;pcs;True
SYN-REG-CARD-000313;MTR-SYN-REG-000313;KSM-SYN-REG-000313;отвод;ОКШ 3D;ОКШ 45-325x10 09Г2С;ОКШ 45-325x10 09Г2С;300;325;10;;;45;100;09Г2С;К42;газ с H2S;requires_tu_lnd_passport;;;True;True;УХЛ;ГОСТ 17375-2001;ГОСТ 17375-2001;64;pcs;True
SYN-REG-CARD-000314;MTR-SYN-REG-000314;KSM-SYN-REG-000314;отвод;ОКШ 3D;ОКШ 90-108x4 13ХФА;ОКШ 90-108x4 13ХФА;100;108;4;;;90;16;13ХФА;К52;природный газ;requires_project_and_passport;;;False;True;УХЛ;ГОСТ 17375-2001;ГОСТ 17375-2001;1;pcs;True
SYN-REG-CARD-000315;MTR-SYN-REG-000315;KSM-SYN-REG-000315;отвод;ОКШ 3D;ОКШ 45-530x10 20;ОКШ 45-530x10 20;500;530;10;;;45;100;20;К56;газ с H2S;requires_tu_lnd_passport;;;True;True;УХЛ;ГОСТ 17375-2001;ГОСТ 17375-2001;64;pcs;True
SYN-REG-CARD-000316;MTR-SYN-REG-000316;KSM-SYN-REG-000316;отвод;ОКШ 3D;ОКШ 90-133x6 13ХФА;ОКШ 90-133x6 13ХФА;125;133;6;;;90;100;13ХФА;К52;газ с H2S;requires_tu_lnd_passport;;;True;;У;ГОСТ 17375-2001;ГОСТ 17375-2001;27;pcs;True
SYN-REG-CARD-000317;MTR-SYN-REG-000317;KSM-SYN-REG-000317;отвод;ОКШ 3D;ОКШ 90-133x6 09Г2С;ОКШ 90-133x6 09Г2С;125;133;6;;;90;25;09Г2С;К48;техническая вода;requires_project_and_passport;;;True;True;У;ГОСТ 17375-2001;ГОСТ 17375-2001;18;pcs;True
SYN-REG-CARD-000318;MTR-SYN-REG-000318;KSM-SYN-REG-000318;отвод;ОКШ 3D;ОКШ 90-57x3 09ГСФ;ОКШ 90-57x3 09ГСФ;50;57;3;;;90;40;09ГСФ;К42;газ с CO2;requires_tu_lnd_passport;;;False;True;У;ГОСТ 17375-2001;ГОСТ 17375-2001;24;pcs;True
SYN-REG-CARD-000319;MTR-SYN-REG-000319;KSM-SYN-REG-000319;отвод;ОКШ 3D;ОКШ 45-89x4 13ХФА;ОКШ 45-89x4 13ХФА;80;89;4;;;45;100;13ХФА;К48;техническая вода;requires_project_and_passport;;;True;True;ХЛ;ГОСТ 17375-2001;ГОСТ 17375-2001;8;pcs;True
SYN-REG-CARD-000320;MTR-SYN-REG-000320;KSM-SYN-REG-000320;отвод;ОКШ 3D;ОКШ 90-57x3 09ГСФ;ОКШ 90-57x3 09ГСФ;50;57;3;;;90;16;09ГСФ;К52;природный газ;requires_project_and_passport;;;True;True;ХЛ;ГОСТ 17375-2001;ГОСТ 17375-2001;13;pcs;True
SYN-REG-CARD-000321;MTR-SYN-REG-000321;KSM-SYN-REG-000321;отвод;ОКШ 3D;ОКШ 45-325x10 20;ОКШ 45-325x10 20;300;325;10;;;45;16;20;К42;газ с H2S и CO2;requires_tu_lnd_passport;;;True;True;У;ГОСТ 17375-2001;ГОСТ 17375-2001;56;pcs;True
SYN-REG-CARD-000322;MTR-SYN-REG-000322;KSM-SYN-REG-000322;отвод;ОКШ 3D;ОКШ 45-219x8 09Г2С;ОКШ 45-219x8 09Г2С;200;219;8;;;45;16;09Г2С;К48;природный газ;requires_project_and_passport;;;False;True;УХЛ;ГОСТ 17375-2001;ГОСТ 17375-2001;13;pcs;True
SYN-REG-CARD-000323;MTR-SYN-REG-000323;KSM-SYN-REG-000323;отвод;ОКШ 3D;ОКШ 90-426x10 09ГСФ;ОКШ 90-426x10 09ГСФ;400;426;10;;;90;100;09ГСФ;К56;газ с H2S;requires_tu_lnd_passport;;;False;;У;ГОСТ 17375-2001;ГОСТ 17375-2001;71;pcs;True
SYN-REG-CARD-000324;MTR-SYN-REG-000324;KSM-SYN-REG-000324;отвод;ОКШ 3D;ОКШ 45-159x6 09Г2С;ОКШ 45-159x6 09Г2С;150;159;6;;;45;40;09Г2С;К52;коррозионно-активная среда;requires_tu_lnd_passport;;;False;True;ХЛ;ГОСТ 17375-2001;ГОСТ 17375-2001;73;pcs;True
SYN-REG-CARD-000325;MTR-SYN-REG-000325;KSM-SYN-REG-000325;отвод;ОКШ 3D;ОКШ 45-108x4 20;ОКШ 45-108x4 20;100;108;4;;;45;16;20;К56;газ с H2S;requires_tu_lnd_passport;;;False;True;ХЛ;ГОСТ 17375-2001;ГОСТ 17375-2001;61;pcs;True
SYN-REG-CARD-000326;MTR-SYN-REG-000326;KSM-SYN-REG-000326;отвод;ОКШ 3D;ОКШ 45-219x8 13ХФА;ОКШ 45-219x8 13ХФА;200;219;8;;;45;160;13ХФА;К48;нефть;requires_project_and_passport;;;False;True;ХЛ;ГОСТ 17375-2001;ГОСТ 17375-2001;64;pcs;True
SYN-REG-CARD-000327;MTR-SYN-REG-000327;KSM-SYN-REG-000327;отвод;ОКШ 3D;ОКШ 45-133x6 13ХФА;ОКШ 45-133x6 13ХФА;125;133;6;;;45;16;13ХФА;К56;природный газ;requires_project_and_passport;;;;True;У;ГОСТ 17375-2001;ГОСТ 17375-2001;19;pcs;True
SYN-REG-CARD-000328;MTR-SYN-REG-000328;KSM-SYN-REG-000328;отвод;ОКШ 3D;ОКШ 45-325x10 09ГСФ;ОКШ 45-325x10 09ГСФ;300;325;10;;;45;100;09ГСФ;К52;коррозионно-активная среда;requires_tu_lnd_passport;;;True;True;У;ГОСТ 17375-2001;ГОСТ 17375-2001;64;pcs;True
SYN-REG-CARD-000329;MTR-SYN-REG-000329;KSM-SYN-REG-000329;отвод;ОКШ 3D;ОКШ 45-325x10 20;ОКШ 45-325x10 20;300;325;10;;;45;100;20;К56;газ с H2S;requires_tu_lnd_passport;;;False;True;У;ГОСТ 17375-2001;ГОСТ 17375-2001;10;pcs;True
SYN-REG-CARD-000330;MTR-SYN-REG-000330;KSM-SYN-REG-000330;отвод;ОКШ 3D;ОКШ 90-426x10 13ХФА;ОКШ 90-426x10 13ХФА;400;426;10;;;90;100;13ХФА;К52;газ с H2S;requires_tu_lnd_passport;;;False;True;У;ГОСТ 17375-2001;ГОСТ 17375-2001;52;pcs;True
SYN-REG-CARD-000331;MTR-SYN-REG-000331;KSM-SYN-REG-000331;отвод;ОКШ 3D;ОКШ 45-530x10 09ГСФ;ОКШ 45-530x10 09ГСФ;500;530;10;;;45;25;09ГСФ;К52;техническая вода;requires_project_and_passport;;;True;False;УХЛ;ГОСТ 17375-2001;ГОСТ 17375-2001;27;pcs;True
SYN-REG-CARD-000332;MTR-SYN-REG-000332;KSM-SYN-REG-000332;отвод;ОКШ 3D;ОКШ 45-89x4 09ГСФ;ОКШ 45-89x4 09ГСФ;80;89;4;;;45;25;09ГСФ;К56;техническая вода;requires_project_and_passport;;;True;True;УХЛ;ГОСТ 17375-2001;ГОСТ 17375-2001;40;pcs;True
SYN-REG-CARD-000333;MTR-SYN-REG-000333;KSM-SYN-REG-000333;отвод;ОКШ 3D;ОКШ 90-76x4 09Г2С;ОКШ 90-76x4 09Г2С;65;76;4;;;90;25;09Г2С;К52;природный газ;requires_project_and_passport;;;False;True;У;ГОСТ 17375-2001;ГОСТ 17375-2001;30;pcs;True
SYN-REG-CARD-000334;MTR-SYN-REG-000334;KSM-SYN-REG-000334;отвод;ОКШ 3D;ОКШ 90-273x10 20;ОКШ 90-273x10 20;250;273;10;;;90;160;20;К52;газ с H2S;requires_tu_lnd_passport;;;True;True;ХЛ;ГОСТ 17375-2001;ГОСТ 17375-2001;62;pcs;True
SYN-REG-CARD-000335;MTR-SYN-REG-000335;KSM-SYN-REG-000335;отвод;ОКШ 3D;ОКШ 90-530x10 13ХФА;ОКШ 90-530x10 13ХФА;500;530;10;;;90;100;13ХФА;К56;нефть;requires_project_and_passport;;;False;;У;ГОСТ 17375-2001;ГОСТ 17375-2001;14;pcs;True
SYN-REG-CARD-000336;MTR-SYN-REG-000336;KSM-SYN-REG-000336;отвод;ОКШ 3D;ОКШ 90-530x10 20;ОКШ 90-530x10 20;500;530;10;;;90;100;20;К48;газ с H2S и CO2;requires_tu_lnd_passport;;;;True;УХЛ;ГОСТ 17375-2001;ГОСТ 17375-2001;26;pcs;True
SYN-REG-CARD-000337;MTR-SYN-REG-000337;KSM-SYN-REG-000337;отвод;ОКШ 3D;ОКШ 45-108x4 09Г2С;ОКШ 45-108x4 09Г2С;100;108;4;;;45;16;09Г2С;К48;газ с H2S и CO2;requires_tu_lnd_passport;;;True;True;ХЛ;ГОСТ 17375-2001;ГОСТ 17375-2001;73;pcs;True
SYN-REG-CARD-000338;MTR-SYN-REG-000338;KSM-SYN-REG-000338;отвод;ОКШ 3D;ОКШ 90-108x4 20;ОКШ 90-108x4 20;100;108;4;;;90;100;20;К56;коррозионно-активная среда;requires_tu_lnd_passport;;;;False;УХЛ;ГОСТ 17375-2001;ГОСТ 17375-2001;42;pcs;True
SYN-REG-CARD-000339;MTR-SYN-REG-000339;KSM-SYN-REG-000339;отвод;ОКШ 3D;ОКШ 45-133x6 13ХФА;ОКШ 45-133x6 13ХФА;125;133;6;;;45;63;13ХФА;К48;газ с H2S;requires_tu_lnd_passport;;;True;True;У;ГОСТ 17375-2001;ГОСТ 17375-2001;37;pcs;True
SYN-REG-CARD-000340;MTR-SYN-REG-000340;KSM-SYN-REG-000340;отвод;ОКШ 3D;ОКШ 45-325x10 13ХФА;ОКШ 45-325x10 13ХФА;300;325;10;;;45;160;13ХФА;К56;газ с H2S и CO2;requires_tu_lnd_passport;;;False;;ХЛ;ГОСТ 17375-2001;ГОСТ 17375-2001;43;pcs;True
SYN-REG-CARD-000341;MTR-SYN-REG-000341;KSM-SYN-REG-000341;отвод;ОКШ 3D;ОКШ 90-133x6 09ГСФ;ОКШ 90-133x6 09ГСФ;125;133;6;;;90;100;09ГСФ;К42;природный газ;requires_project_and_passport;;;False;True;У;ГОСТ 17375-2001;ГОСТ 17375-2001;72;pcs;True
SYN-REG-CARD-000342;MTR-SYN-REG-000342;KSM-SYN-REG-000342;отвод;ОКШ 3D;ОКШ 45-108x4 13ХФА;ОКШ 45-108x4 13ХФА;100;108;4;;;45;100;13ХФА;К48;природный газ;requires_project_and_passport;;;;True;У;ГОСТ 17375-2001;ГОСТ 17375-2001;74;pcs;True
SYN-REG-CARD-000343;MTR-SYN-REG-000343;KSM-SYN-REG-000343;отвод;ОКШ 3D;ОКШ 90-76x4 09Г2С;ОКШ 90-76x4 09Г2С;65;76;4;;;90;160;09Г2С;К48;коррозионно-активная среда;requires_tu_lnd_passport;;;False;True;ХЛ;ГОСТ 17375-2001;ГОСТ 17375-2001;26;pcs;True
SYN-REG-CARD-000344;MTR-SYN-REG-000344;KSM-SYN-REG-000344;отвод;ОКШ 3D;ОКШ 90-325x10 09ГСФ;ОКШ 90-325x10 09ГСФ;300;325;10;;;90;100;09ГСФ;К42;газ с CO2;requires_tu_lnd_passport;;;True;;ХЛ;ГОСТ 17375-2001;ГОСТ 17375-2001;13;pcs;True
SYN-REG-CARD-000345;MTR-SYN-REG-000345;KSM-SYN-REG-000345;отвод;ОКШ 3D;ОКШ 45-377x12 09Г2С;ОКШ 45-377x12 09Г2С;350;377;12;;;45;40;09Г2С;К42;газ с H2S;requires_tu_lnd_passport;;;False;True;У;ГОСТ 17375-2001;ГОСТ 17375-2001;20;pcs;True
SYN-REG-CARD-000346;MTR-SYN-REG-000346;KSM-SYN-REG-000346;отвод;ОКШ 3D;ОКШ 90-89x4 13ХФА;ОКШ 90-89x4 13ХФА;80;89;4;;;90;100;13ХФА;К56;газ с CO2;requires_tu_lnd_passport;;;True;True;У;ГОСТ 17375-2001;ГОСТ 17375-2001;69;pcs;True
SYN-REG-CARD-000347;MTR-SYN-REG-000347;KSM-SYN-REG-000347;отвод;ОКШ 3D;ОКШ 45-530x10 13ХФА;ОКШ 45-530x10 13ХФА;500;530;10;;;45;40;13ХФА;К48;газ с CO2;requires_tu_lnd_passport;;;True;True;ХЛ;ГОСТ 17375-2001;ГОСТ 17375-2001;61;pcs;True
SYN-REG-CARD-000348;MTR-SYN-REG-000348;KSM-SYN-REG-000348;отвод;ОКШ 3D;ОКШ 45-57x3 09ГСФ;ОКШ 45-57x3 09ГСФ;50;57;3;;;45;16;09ГСФ;К56;техническая вода;requires_project_and_passport;;;True;;ХЛ;ГОСТ 17375-2001;ГОСТ 17375-2001;6;pcs;True
SYN-REG-CARD-000349;MTR-SYN-REG-000349;KSM-SYN-REG-000349;отвод;ОКШ 3D;ОКШ 45-57x3 20;ОКШ 45-57x3 20;50;57;3;;;45;16;20;К42;техническая вода;requires_project_and_passport;;;False;;У;ГОСТ 17375-2001;ГОСТ 17375-2001;45;pcs;True
SYN-REG-CARD-000350;MTR-SYN-REG-000350;KSM-SYN-REG-000350;отвод;ОКШ 3D;ОКШ 90-530x10 13ХФА;ОКШ 90-530x10 13ХФА;500;530;10;;;90;40;13ХФА;К42;природный газ;requires_project_and_passport;;;False;True;У;ГОСТ 17375-2001;ГОСТ 17375-2001;79;pcs;True
SYN-REG-CARD-000351;MTR-SYN-REG-000351;KSM-SYN-REG-000351;отвод;ОКШ 3D;ОКШ 45-219x8 20;ОКШ 45-219x8 20;200;219;8;;;45;100;20;К56;газ с H2S;requires_tu_lnd_passport;;;;True;УХЛ;ГОСТ 17375-2001;ГОСТ 17375-2001;4;pcs;True
SYN-REG-CARD-000352;MTR-SYN-REG-000352;KSM-SYN-REG-000352;отвод;ОКШ 3D;ОКШ 45-273x10 13ХФА;ОКШ 45-273x10 13ХФА;250;273;10;;;45;63;13ХФА;К56;природный газ;requires_project_and_passport;;;True;True;ХЛ;ГОСТ 17375-2001;ГОСТ 17375-2001;71;pcs;True
SYN-REG-CARD-000353;MTR-SYN-REG-000353;KSM-SYN-REG-000353;отвод;ОКШ 3D;ОКШ 45-530x10 09ГСФ;ОКШ 45-530x10 09ГСФ;500;530;10;;;45;40;09ГСФ;К56;газ с CO2;requires_tu_lnd_passport;;;False;True;УХЛ;ГОСТ 17375-2001;ГОСТ 17375-2001;58;pcs;True
SYN-REG-CARD-000354;MTR-SYN-REG-000354;KSM-SYN-REG-000354;отвод;ОКШ 3D;ОКШ 90-426x10 09ГСФ;ОКШ 90-426x10 09ГСФ;400;426;10;;;90;40;09ГСФ;К42;нефть;requires_project_and_passport;;;False;True;ХЛ;ГОСТ 17375-2001;ГОСТ 17375-2001;51;pcs;True
SYN-REG-CARD-000355;MTR-SYN-REG-000355;KSM-SYN-REG-000355;отвод;ОКШ 3D;ОКШ 90-219x8 13ХФА;ОКШ 90-219x8 13ХФА;200;219;8;;;90;160;13ХФА;К42;природный газ;requires_project_and_passport;;;False;False;УХЛ;ГОСТ 17375-2001;ГОСТ 17375-2001;28;pcs;True
SYN-REG-CARD-000356;MTR-SYN-REG-000356;KSM-SYN-REG-000356;отвод;ОКШ 3D;ОКШ 90-273x10 13ХФА;ОКШ 90-273x10 13ХФА;250;273;10;;;90;63;13ХФА;К42;газ с H2S и CO2;requires_tu_lnd_passport;;;True;False;ХЛ;ГОСТ 17375-2001;ГОСТ 17375-2001;70;pcs;True
SYN-REG-CARD-000357;MTR-SYN-REG-000357;KSM-SYN-REG-000357;отвод;ОКШ 3D;ОКШ 90-273x10 20;ОКШ 90-273x10 20;250;273;10;;;90;16;20;К42;коррозионно-активная среда;requires_tu_lnd_passport;;;False;True;У;ГОСТ 17375-2001;ГОСТ 17375-2001;13;pcs;True
SYN-REG-CARD-000358;MTR-SYN-REG-000358;KSM-SYN-REG-000358;отвод;ОКШ 3D;ОКШ 90-426x10 09Г2С;ОКШ 90-426x10 09Г2С;400;426;10;;;90;25;09Г2С;К48;газ с CO2;requires_tu_lnd_passport;;;False;True;УХЛ;ГОСТ 17375-2001;ГОСТ 17375-2001;68;pcs;True
SYN-REG-CARD-000359;MTR-SYN-REG-000359;KSM-SYN-REG-000359;отвод;ОКШ 3D;ОКШ 90-159x6 09Г2С;ОКШ 90-159x6 09Г2С;150;159;6;;;90;25;09Г2С;К42;техническая вода;requires_project_and_passport;;;True;True;ХЛ;ГОСТ 17375-2001;ГОСТ 17375-2001;66;pcs;True
SYN-REG-CARD-000360;MTR-SYN-REG-000360;KSM-SYN-REG-000360;отвод;ОКШ 3D;ОКШ 45-76x4 20;ОКШ 45-76x4 20;65;76;4;;;45;16;20;К52;газ с CO2;requires_tu_lnd_passport;;;False;True;ХЛ;ГОСТ 17375-2001;ГОСТ 17375-2001;48;pcs;True
SYN-REG-CARD-000361;MTR-SYN-REG-000361;KSM-SYN-REG-000361;отвод;ОКШ 3D;ОКШ 90-108x4 09ГСФ;ОКШ 90-108x4 09ГСФ;100;108;4;;;90;16;09ГСФ;К42;газ с H2S и CO2;requires_tu_lnd_passport;;;;False;ХЛ;ГОСТ 17375-2001;ГОСТ 17375-2001;47;pcs;True
SYN-REG-CARD-000362;MTR-SYN-REG-000362;KSM-SYN-REG-000362;отвод;ОКШ 3D;ОКШ 45-133x6 13ХФА;ОКШ 45-133x6 13ХФА;125;133;6;;;45;63;13ХФА;К48;природный газ;requires_project_and_passport;;;True;True;ХЛ;ГОСТ 17375-2001;ГОСТ 17375-2001;48;pcs;True
SYN-REG-CARD-000363;MTR-SYN-REG-000363;KSM-SYN-REG-000363;отвод;ОКШ 3D;ОКШ 90-377x12 20;ОКШ 90-377x12 20;350;377;12;;;90;40;20;К42;нефть;requires_project_and_passport;;;False;;ХЛ;ГОСТ 17375-2001;ГОСТ 17375-2001;44;pcs;True
SYN-REG-CARD-000364;MTR-SYN-REG-000364;KSM-SYN-REG-000364;отвод;ОКШ 3D;ОКШ 45-426x10 09ГСФ;ОКШ 45-426x10 09ГСФ;400;426;10;;;45;63;09ГСФ;К48;газ с CO2;requires_tu_lnd_passport;;;False;False;У;ГОСТ 17375-2001;ГОСТ 17375-2001;66;pcs;True
SYN-REG-CARD-000365;MTR-SYN-REG-000365;KSM-SYN-REG-000365;отвод;ОКШ 3D;ОКШ 45-377x12 20;ОКШ 45-377x12 20;350;377;12;;;45;63;20;К42;коррозионно-активная среда;requires_tu_lnd_passport;;;False;True;УХЛ;ГОСТ 17375-2001;ГОСТ 17375-2001;1;pcs;True
SYN-REG-CARD-000366;MTR-SYN-REG-000366;KSM-SYN-REG-000366;отвод;ОКШ 3D;ОКШ 90-159x6 13ХФА;ОКШ 90-159x6 13ХФА;150;159;6;;;90;160;13ХФА;К42;природный газ;requires_project_and_passport;;;False;True;УХЛ;ГОСТ 17375-2001;ГОСТ 17375-2001;39;pcs;True
SYN-REG-CARD-000367;MTR-SYN-REG-000367;KSM-SYN-REG-000367;отвод;ОКШ 3D;ОКШ 45-325x10 20;ОКШ 45-325x10 20;300;325;10;;;45;100;20;К52;газ с H2S;requires_tu_lnd_passport;;;False;True;ХЛ;ГОСТ 17375-2001;ГОСТ 17375-2001;7;pcs;True
SYN-REG-CARD-000368;MTR-SYN-REG-000368;KSM-SYN-REG-000368;отвод;ОКШ 3D;ОКШ 90-108x4 20;ОКШ 90-108x4 20;100;108;4;;;90;40;20;К42;газ с H2S;requires_tu_lnd_passport;;;False;True;ХЛ;ГОСТ 17375-2001;ГОСТ 17375-2001;1;pcs;True
SYN-REG-CARD-000369;MTR-SYN-REG-000369;KSM-SYN-REG-000369;отвод;ОКШ 3D;ОКШ 45-89x4 13ХФА;ОКШ 45-89x4 13ХФА;80;89;4;;;45;25;13ХФА;К42;газ с CO2;requires_tu_lnd_passport;;;False;;УХЛ;ГОСТ 17375-2001;ГОСТ 17375-2001;52;pcs;True
SYN-REG-CARD-000370;MTR-SYN-REG-000370;KSM-SYN-REG-000370;отвод;ОКШ 3D;ОКШ 45-133x6 20;ОКШ 45-133x6 20;125;133;6;;;45;16;20;К52;техническая вода;requires_project_and_passport;;;False;True;У;ГОСТ 17375-2001;ГОСТ 17375-2001;62;pcs;True
SYN-REG-CARD-000371;MTR-SYN-REG-000371;KSM-SYN-REG-000371;отвод;ОКШ 3D;ОКШ 45-57x3 09Г2С;ОКШ 45-57x3 09Г2С;50;57;3;;;45;160;09Г2С;К56;газ с H2S и CO2;requires_tu_lnd_passport;;;False;;ХЛ;ГОСТ 17375-2001;ГОСТ 17375-2001;75;pcs;True
SYN-REG-CARD-000372;MTR-SYN-REG-000372;KSM-SYN-REG-000372;отвод;ОКШ 3D;ОКШ 90-426x10 13ХФА;ОКШ 90-426x10 13ХФА;400;426;10;;;90;160;13ХФА;К42;газ с H2S;requires_tu_lnd_passport;;;True;True;УХЛ;ГОСТ 17375-2001;ГОСТ 17375-2001;26;pcs;True
SYN-REG-CARD-000373;MTR-SYN-REG-000373;KSM-SYN-REG-000373;отвод;ОКШ 3D;ОКШ 90-133x6 13ХФА;ОКШ 90-133x6 13ХФА;125;133;6;;;90;63;13ХФА;К56;коррозионно-активная среда;requires_tu_lnd_passport;;;False;True;У;ГОСТ 17375-2001;ГОСТ 17375-2001;64;pcs;True
SYN-REG-CARD-000374;MTR-SYN-REG-000374;KSM-SYN-REG-000374;отвод;ОКШ 3D;ОКШ 90-273x10 09ГСФ;ОКШ 90-273x10 09ГСФ;250;273;10;;;90;25;09ГСФ;К42;техническая вода;requires_project_and_passport;;;True;True;У;ГОСТ 17375-2001;ГОСТ 17375-2001;30;pcs;True
SYN-REG-CARD-000375;MTR-SYN-REG-000375;KSM-SYN-REG-000375;отвод;ОКШ 3D;ОКШ 90-76x4 09ГСФ;ОКШ 90-76x4 09ГСФ;65;76;4;;;90;63;09ГСФ;К48;газ с H2S;requires_tu_lnd_passport;;;True;True;У;ГОСТ 17375-2001;ГОСТ 17375-2001;50;pcs;True
SYN-REG-CARD-000376;MTR-SYN-REG-000376;KSM-SYN-REG-000376;отвод;ОКШ 3D;ОКШ 90-89x4 20;ОКШ 90-89x4 20;80;89;4;;;90;160;20;К56;нефть;requires_project_and_passport;;;True;;ХЛ;ГОСТ 17375-2001;ГОСТ 17375-2001;35;pcs;True
SYN-REG-CARD-000377;MTR-SYN-REG-000377;KSM-SYN-REG-000377;отвод;ОКШ 3D;ОКШ 90-377x12 09ГСФ;ОКШ 90-377x12 09ГСФ;350;377;12;;;90;160;09ГСФ;К48;коррозионно-активная среда;requires_tu_lnd_passport;;;False;True;ХЛ;ГОСТ 17375-2001;ГОСТ 17375-2001;13;pcs;True
SYN-REG-CARD-000378;MTR-SYN-REG-000378;KSM-SYN-REG-000378;отвод;ОКШ 3D;ОКШ 45-76x4 13ХФА;ОКШ 45-76x4 13ХФА;65;76;4;;;45;63;13ХФА;К52;коррозионно-активная среда;requires_tu_lnd_passport;;;True;True;У;ГОСТ 17375-2001;ГОСТ 17375-2001;16;pcs;True
SYN-REG-CARD-000379;MTR-SYN-REG-000379;KSM-SYN-REG-000379;отвод;ОКШ 3D;ОКШ 45-76x4 20;ОКШ 45-76x4 20;65;76;4;;;45;25;20;К56;природный газ;requires_project_and_passport;;;False;True;ХЛ;ГОСТ 17375-2001;ГОСТ 17375-2001;62;pcs;True
SYN-REG-CARD-000380;MTR-SYN-REG-000380;KSM-SYN-REG-000380;отвод;ОКШ 3D;ОКШ 90-219x8 09ГСФ;ОКШ 90-219x8 09ГСФ;200;219;8;;;90;160;09ГСФ;К42;газ с H2S;requires_tu_lnd_passport;;;False;True;ХЛ;ГОСТ 17375-2001;ГОСТ 17375-2001;9;pcs;True
SYN-REG-CARD-000381;MTR-SYN-REG-000381;KSM-SYN-REG-000381;отвод;ОКШ 3D;ОКШ 90-89x4 13ХФА;ОКШ 90-89x4 13ХФА;80;89;4;;;90;25;13ХФА;К42;газ с H2S;requires_tu_lnd_passport;;;False;True;ХЛ;ГОСТ 17375-2001;ГОСТ 17375-2001;63;pcs;True
SYN-REG-CARD-000382;MTR-SYN-REG-000382;KSM-SYN-REG-000382;отвод;ОКШ 3D;ОКШ 90-76x4 13ХФА;ОКШ 90-76x4 13ХФА;65;76;4;;;90;16;13ХФА;К42;газ с H2S и CO2;requires_tu_lnd_passport;;;True;True;УХЛ;ГОСТ 17375-2001;ГОСТ 17375-2001;73;pcs;True
SYN-REG-CARD-000383;MTR-SYN-REG-000383;KSM-SYN-REG-000383;отвод;ОКШ 3D;ОКШ 90-133x6 13ХФА;ОКШ 90-133x6 13ХФА;125;133;6;;;90;40;13ХФА;К42;природный газ;requires_project_and_passport;;;True;True;У;ГОСТ 17375-2001;ГОСТ 17375-2001;23;pcs;True
SYN-REG-CARD-000384;MTR-SYN-REG-000384;KSM-SYN-REG-000384;отвод;ОКШ 3D;ОКШ 45-76x4 20;ОКШ 45-76x4 20;65;76;4;;;45;160;20;К52;природный газ;requires_project_and_passport;;;True;True;УХЛ;ГОСТ 17375-2001;ГОСТ 17375-2001;51;pcs;True
SYN-REG-CARD-000385;MTR-SYN-REG-000385;KSM-SYN-REG-000385;отвод;ОКШ 3D;ОКШ 45-89x4 09Г2С;ОКШ 45-89x4 09Г2С;80;89;4;;;45;16;09Г2С;К42;техническая вода;requires_project_and_passport;;;True;True;ХЛ;ГОСТ 17375-2001;ГОСТ 17375-2001;49;pcs;True
SYN-REG-CARD-000386;MTR-SYN-REG-000386;KSM-SYN-REG-000386;отвод;ОКШ 3D;ОКШ 45-133x6 13ХФА;ОКШ 45-133x6 13ХФА;125;133;6;;;45;63;13ХФА;К52;природный газ;requires_project_and_passport;;;;False;ХЛ;ГОСТ 17375-2001;ГОСТ 17375-2001;69;pcs;True
SYN-REG-CARD-000387;MTR-SYN-REG-000387;KSM-SYN-REG-000387;отвод;ОКШ 3D;ОКШ 45-219x8 13ХФА;ОКШ 45-219x8 13ХФА;200;219;8;;;45;100;13ХФА;К56;природный газ;requires_project_and_passport;;;True;False;УХЛ;ГОСТ 17375-2001;ГОСТ 17375-2001;27;pcs;True
SYN-REG-CARD-000388;MTR-SYN-REG-000388;KSM-SYN-REG-000388;отвод;ОКШ 3D;ОКШ 45-89x4 09Г2С;ОКШ 45-89x4 09Г2С;80;89;4;;;45;25;09Г2С;К52;техническая вода;requires_project_and_passport;;;True;True;У;ГОСТ 17375-2001;ГОСТ 17375-2001;42;pcs;True
SYN-REG-CARD-000389;MTR-SYN-REG-000389;KSM-SYN-REG-000389;отвод;ОКШ 3D;ОКШ 90-159x6 20;ОКШ 90-159x6 20;150;159;6;;;90;40;20;К48;газ с H2S и CO2;requires_tu_lnd_passport;;;False;True;У;ГОСТ 17375-2001;ГОСТ 17375-2001;9;pcs;True
SYN-REG-CARD-000390;MTR-SYN-REG-000390;KSM-SYN-REG-000390;отвод;ОКШ 3D;ОКШ 90-108x4 20;ОКШ 90-108x4 20;100;108;4;;;90;25;20;К42;коррозионно-активная среда;requires_tu_lnd_passport;;;;False;ХЛ;ГОСТ 17375-2001;ГОСТ 17375-2001;23;pcs;True
SYN-REG-CARD-000391;MTR-SYN-REG-000391;KSM-SYN-REG-000391;отвод;ОКШ 3D;ОКШ 90-530x10 20;ОКШ 90-530x10 20;500;530;10;;;90;160;20;К42;техническая вода;requires_project_and_passport;;;False;False;ХЛ;ГОСТ 17375-2001;ГОСТ 17375-2001;58;pcs;True
SYN-REG-CARD-000392;MTR-SYN-REG-000392;KSM-SYN-REG-000392;отвод;ОКШ 3D;ОКШ 45-108x4 09Г2С;ОКШ 45-108x4 09Г2С;100;108;4;;;45;25;09Г2С;К48;техническая вода;requires_project_and_passport;;;False;False;У;ГОСТ 17375-2001;ГОСТ 17375-2001;14;pcs;True
SYN-REG-CARD-000393;MTR-SYN-REG-000393;KSM-SYN-REG-000393;отвод;ОКШ 3D;ОКШ 45-133x6 20;ОКШ 45-133x6 20;125;133;6;;;45;40;20;К56;техническая вода;requires_project_and_passport;;;False;True;ХЛ;ГОСТ 17375-2001;ГОСТ 17375-2001;80;pcs;True
SYN-REG-CARD-000394;MTR-SYN-REG-000394;KSM-SYN-REG-000394;отвод;ОКШ 3D;ОКШ 90-89x4 09ГСФ;ОКШ 90-89x4 09ГСФ;80;89;4;;;90;63;09ГСФ;К52;газ с CO2;requires_tu_lnd_passport;;;False;True;УХЛ;ГОСТ 17375-2001;ГОСТ 17375-2001;39;pcs;True
SYN-REG-CARD-000395;MTR-SYN-REG-000395;KSM-SYN-REG-000395;отвод;ОКШ 3D;ОКШ 45-530x10 09ГСФ;ОКШ 45-530x10 09ГСФ;500;530;10;;;45;16;09ГСФ;К42;техническая вода;requires_project_and_passport;;;False;;У;ГОСТ 17375-2001;ГОСТ 17375-2001;7;pcs;True
SYN-REG-CARD-000396;MTR-SYN-REG-000396;KSM-SYN-REG-000396;отвод;ОКШ 3D;ОКШ 90-377x12 13ХФА;ОКШ 90-377x12 13ХФА;350;377;12;;;90;160;13ХФА;К56;газ с H2S;requires_tu_lnd_passport;;;False;True;У;ГОСТ 17375-2001;ГОСТ 17375-2001;1;pcs;True
SYN-REG-CARD-000397;MTR-SYN-REG-000397;KSM-SYN-REG-000397;отвод;ОКШ 3D;ОКШ 90-57x3 13ХФА;ОКШ 90-57x3 13ХФА;50;57;3;;;90;25;13ХФА;К42;газ с CO2;requires_tu_lnd_passport;;;False;True;ХЛ;ГОСТ 17375-2001;ГОСТ 17375-2001;78;pcs;True
SYN-REG-CARD-000398;MTR-SYN-REG-000398;KSM-SYN-REG-000398;отвод;ОКШ 3D;ОКШ 90-159x6 20;ОКШ 90-159x6 20;150;159;6;;;90;40;20;К52;газ с CO2;requires_tu_lnd_passport;;;True;;УХЛ;ГОСТ 17375-2001;ГОСТ 17375-2001;24;pcs;True
SYN-REG-CARD-000399;MTR-SYN-REG-000399;KSM-SYN-REG-000399;отвод;ОКШ 3D;ОКШ 45-76x4 20;ОКШ 45-76x4 20;65;76;4;;;45;63;20;К56;газ с CO2;requires_tu_lnd_passport;;;False;True;ХЛ;ГОСТ 17375-2001;ГОСТ 17375-2001;39;pcs;True
SYN-REG-CARD-000400;MTR-SYN-REG-000400;KSM-SYN-REG-000400;отвод;ОКШ 3D;ОКШ 45-219x8 09ГСФ;ОКШ 45-219x8 09ГСФ;200;219;8;;;45;100;09ГСФ;К42;нефть;requires_project_and_passport;;;False;;УХЛ;ГОСТ 17375-2001;ГОСТ 17375-2001;13;pcs;True
SYN-REG-CARD-000401;MTR-SYN-REG-000401;KSM-SYN-REG-000401;отвод;ОКШ 3D;ОКШ 90-530x10 09ГСФ;ОКШ 90-530x10 09ГСФ;500;530;10;;;90;63;09ГСФ;К42;коррозионно-активная среда;requires_tu_lnd_passport;;;False;True;УХЛ;ГОСТ 17375-2001;ГОСТ 17375-2001;56;pcs;True
SYN-REG-CARD-000402;MTR-SYN-REG-000402;KSM-SYN-REG-000402;отвод;ОКШ 3D;ОКШ 45-57x3 09Г2С;ОКШ 45-57x3 09Г2С;50;57;3;;;45;25;09Г2С;К48;газ с H2S;requires_tu_lnd_passport;;;True;True;У;ГОСТ 17375-2001;ГОСТ 17375-2001;67;pcs;True
SYN-REG-CARD-000403;MTR-SYN-REG-000403;KSM-SYN-REG-000403;отвод;ОКШ 3D;ОКШ 45-159x6 09ГСФ;ОКШ 45-159x6 09ГСФ;150;159;6;;;45;63;09ГСФ;К42;природный газ;requires_project_and_passport;;;;False;УХЛ;ГОСТ 17375-2001;ГОСТ 17375-2001;52;pcs;True
SYN-REG-CARD-000404;MTR-SYN-REG-000404;KSM-SYN-REG-000404;отвод;ОКШ 3D;ОКШ 90-426x10 13ХФА;ОКШ 90-426x10 13ХФА;400;426;10;;;90;16;13ХФА;К48;нефть;requires_project_and_passport;;;True;True;ХЛ;ГОСТ 17375-2001;ГОСТ 17375-2001;18;pcs;True
SYN-REG-CARD-000405;MTR-SYN-REG-000405;KSM-SYN-REG-000405;отвод;ОКШ 3D;ОКШ 90-426x10 09Г2С;ОКШ 90-426x10 09Г2С;400;426;10;;;90;160;09Г2С;К52;техническая вода;requires_project_and_passport;;;;True;УХЛ;ГОСТ 17375-2001;ГОСТ 17375-2001;38;pcs;True
SYN-REG-CARD-000406;MTR-SYN-REG-000406;KSM-SYN-REG-000406;отвод;ОКШ 3D;ОКШ 45-57x3 13ХФА;ОКШ 45-57x3 13ХФА;50;57;3;;;45;40;13ХФА;К56;нефть;requires_project_and_passport;;;True;;У;ГОСТ 17375-2001;ГОСТ 17375-2001;79;pcs;True
SYN-REG-CARD-000407;MTR-SYN-REG-000407;KSM-SYN-REG-000407;отвод;ОКШ 3D;ОКШ 90-530x10 09ГСФ;ОКШ 90-530x10 09ГСФ;500;530;10;;;90;16;09ГСФ;К52;газ с H2S и CO2;requires_tu_lnd_passport;;;False;False;ХЛ;ГОСТ 17375-2001;ГОСТ 17375-2001;77;pcs;True
SYN-REG-CARD-000408;MTR-SYN-REG-000408;KSM-SYN-REG-000408;отвод;ОКШ 3D;ОКШ 90-89x4 09Г2С;ОКШ 90-89x4 09Г2С;80;89;4;;;90;100;09Г2С;К48;газ с H2S и CO2;requires_tu_lnd_passport;;;False;False;ХЛ;ГОСТ 17375-2001;ГОСТ 17375-2001;70;pcs;True
SYN-REG-CARD-000409;MTR-SYN-REG-000409;KSM-SYN-REG-000409;отвод;ОКШ 3D;ОКШ 90-530x10 09Г2С;ОКШ 90-530x10 09Г2С;500;530;10;;;90;63;09Г2С;К42;коррозионно-активная среда;requires_tu_lnd_passport;;;False;True;ХЛ;ГОСТ 17375-2001;ГОСТ 17375-2001;65;pcs;True
SYN-REG-CARD-000410;MTR-SYN-REG-000410;KSM-SYN-REG-000410;отвод;ОКШ 3D;ОКШ 45-89x4 20;ОКШ 45-89x4 20;80;89;4;;;45;25;20;К42;газ с H2S;requires_tu_lnd_passport;;;False;True;УХЛ;ГОСТ 17375-2001;ГОСТ 17375-2001;33;pcs;True
SYN-REG-CARD-000411;MTR-SYN-REG-000411;KSM-SYN-REG-000411;отвод;ОКШ 3D;ОКШ 45-108x4 13ХФА;ОКШ 45-108x4 13ХФА;100;108;4;;;45;40;13ХФА;К48;техническая вода;requires_project_and_passport;;;False;;ХЛ;ГОСТ 17375-2001;ГОСТ 17375-2001;10;pcs;True
SYN-REG-CARD-000412;MTR-SYN-REG-000412;KSM-SYN-REG-000412;отвод;ОКШ 3D;ОКШ 45-530x10 09Г2С;ОКШ 45-530x10 09Г2С;500;530;10;;;45;40;09Г2С;К56;коррозионно-активная среда;requires_tu_lnd_passport;;;;True;У;ГОСТ 17375-2001;ГОСТ 17375-2001;52;pcs;True
SYN-REG-CARD-000413;MTR-SYN-REG-000413;KSM-SYN-REG-000413;отвод;ОКШ 3D;ОКШ 90-76x4 09ГСФ;ОКШ 90-76x4 09ГСФ;65;76;4;;;90;63;09ГСФ;К42;природный газ;requires_project_and_passport;;;;True;У;ГОСТ 17375-2001;ГОСТ 17375-2001;76;pcs;True
SYN-REG-CARD-000414;MTR-SYN-REG-000414;KSM-SYN-REG-000414;отвод;ОКШ 3D;ОКШ 90-273x10 13ХФА;ОКШ 90-273x10 13ХФА;250;273;10;;;90;25;13ХФА;К56;коррозионно-активная среда;requires_tu_lnd_passport;;;False;;У;ГОСТ 17375-2001;ГОСТ 17375-2001;21;pcs;True
SYN-REG-CARD-000415;MTR-SYN-REG-000415;KSM-SYN-REG-000415;отвод;ОКШ 3D;ОКШ 45-108x4 09ГСФ;ОКШ 45-108x4 09ГСФ;100;108;4;;;45;160;09ГСФ;К48;газ с CO2;requires_tu_lnd_passport;;;False;False;У;ГОСТ 17375-2001;ГОСТ 17375-2001;61;pcs;True
SYN-REG-CARD-000416;MTR-SYN-REG-000416;KSM-SYN-REG-000416;отвод;ОКШ 3D;ОКШ 45-219x8 09Г2С;ОКШ 45-219x8 09Г2С;200;219;8;;;45;63;09Г2С;К56;нефть;requires_project_and_passport;;;False;True;УХЛ;ГОСТ 17375-2001;ГОСТ 17375-2001;38;pcs;True
SYN-REG-CARD-000417;MTR-SYN-REG-000417;KSM-SYN-REG-000417;отвод;ОКШ 3D;ОКШ 45-219x8 09ГСФ;ОКШ 45-219x8 09ГСФ;200;219;8;;;45;40;09ГСФ;К42;нефть;requires_project_and_passport;;;;True;У;ГОСТ 17375-2001;ГОСТ 17375-2001;71;pcs;True
SYN-REG-CARD-000418;MTR-SYN-REG-000418;KSM-SYN-REG-000418;отвод;ОКШ 3D;ОКШ 90-377x12 20;ОКШ 90-377x12 20;350;377;12;;;90;63;20;К48;газ с H2S и CO2;requires_tu_lnd_passport;;;False;True;У;ГОСТ 17375-2001;ГОСТ 17375-2001;18;pcs;True
SYN-REG-CARD-000419;MTR-SYN-REG-000419;KSM-SYN-REG-000419;отвод;ОКШ 3D;ОКШ 90-377x12 13ХФА;ОКШ 90-377x12 13ХФА;350;377;12;;;90;100;13ХФА;К56;газ с CO2;requires_tu_lnd_passport;;;False;True;ХЛ;ГОСТ 17375-2001;ГОСТ 17375-2001;22;pcs;True
SYN-REG-CARD-000420;MTR-SYN-REG-000420;KSM-SYN-REG-000420;отвод;ОКШ 3D;ОКШ 90-133x6 09Г2С;ОКШ 90-133x6 09Г2С;125;133;6;;;90;25;09Г2С;К48;газ с H2S;requires_tu_lnd_passport;;;True;;У;ГОСТ 17375-2001;ГОСТ 17375-2001;22;pcs;True
SYN-REG-CARD-000421;MTR-SYN-REG-000421;KSM-SYN-REG-000421;отвод;ОКШ 3D;ОКШ 45-159x6 13ХФА;ОКШ 45-159x6 13ХФА;150;159;6;;;45;100;13ХФА;К56;газ с H2S и CO2;requires_tu_lnd_passport;;;True;;У;ГОСТ 17375-2001;ГОСТ 17375-2001;0;pcs;True
SYN-REG-CARD-000422;MTR-SYN-REG-000422;KSM-SYN-REG-000422;отвод;ОКШ 3D;ОКШ 90-377x12 13ХФА;ОКШ 90-377x12 13ХФА;350;377;12;;;90;16;13ХФА;К52;природный газ;requires_project_and_passport;;;False;True;УХЛ;ГОСТ 17375-2001;ГОСТ 17375-2001;78;pcs;True
SYN-REG-CARD-000423;MTR-SYN-REG-000423;KSM-SYN-REG-000423;отвод;ОКШ 3D;ОКШ 45-159x6 20;ОКШ 45-159x6 20;150;159;6;;;45;40;20;К52;техническая вода;requires_project_and_passport;;;;True;УХЛ;ГОСТ 17375-2001;ГОСТ 17375-2001;23;pcs;True
SYN-REG-CARD-000424;MTR-SYN-REG-000424;KSM-SYN-REG-000424;отвод;ОКШ 3D;ОКШ 45-219x8 09Г2С;ОКШ 45-219x8 09Г2С;200;219;8;;;45;25;09Г2С;К52;газ с H2S;requires_tu_lnd_passport;;;True;True;УХЛ;ГОСТ 17375-2001;ГОСТ 17375-2001;19;pcs;True
SYN-REG-CARD-000425;MTR-SYN-REG-000425;KSM-SYN-REG-000425;отвод;ОКШ 3D;ОКШ 90-530x10 20;ОКШ 90-530x10 20;500;530;10;;;90;63;20;К48;коррозионно-активная среда;requires_tu_lnd_passport;;;False;True;ХЛ;ГОСТ 17375-2001;ГОСТ 17375-2001;26;pcs;True
SYN-REG-CARD-000426;MTR-SYN-REG-000426;KSM-SYN-REG-000426;отвод;ОКШ 3D;ОКШ 45-273x10 09Г2С;ОКШ 45-273x10 09Г2С;250;273;10;;;45;25;09Г2С;К56;нефть;requires_project_and_passport;;;False;True;ХЛ;ГОСТ 17375-2001;ГОСТ 17375-2001;23;pcs;True
SYN-REG-CARD-000427;MTR-SYN-REG-000427;KSM-SYN-REG-000427;отвод;ОКШ 3D;ОКШ 90-325x10 13ХФА;ОКШ 90-325x10 13ХФА;300;325;10;;;90;16;13ХФА;К52;нефть;requires_project_and_passport;;;False;True;ХЛ;ГОСТ 17375-2001;ГОСТ 17375-2001;42;pcs;True
SYN-REG-CARD-000428;MTR-SYN-REG-000428;KSM-SYN-REG-000428;отвод;ОКШ 3D;ОКШ 45-133x6 09ГСФ;ОКШ 45-133x6 09ГСФ;125;133;6;;;45;160;09ГСФ;К52;газ с CO2;requires_tu_lnd_passport;;;True;True;УХЛ;ГОСТ 17375-2001;ГОСТ 17375-2001;1;pcs;True
SYN-REG-CARD-000429;MTR-SYN-REG-000429;KSM-SYN-REG-000429;отвод;ОКШ 3D;ОКШ 45-219x8 09Г2С;ОКШ 45-219x8 09Г2С;200;219;8;;;45;16;09Г2С;К42;газ с CO2;requires_tu_lnd_passport;;;;;У;ГОСТ 17375-2001;ГОСТ 17375-2001;33;pcs;True
SYN-REG-CARD-000430;MTR-SYN-REG-000430;KSM-SYN-REG-000430;отвод;ОКШ 3D;ОКШ 90-426x10 09ГСФ;ОКШ 90-426x10 09ГСФ;400;426;10;;;90;25;09ГСФ;К48;газ с H2S и CO2;requires_tu_lnd_passport;;;;True;УХЛ;ГОСТ 17375-2001;ГОСТ 17375-2001;35;pcs;True
SYN-REG-CARD-000431;MTR-SYN-REG-000431;KSM-SYN-REG-000431;отвод;ОКШ 3D;ОКШ 45-108x4 13ХФА;ОКШ 45-108x4 13ХФА;100;108;4;;;45;40;13ХФА;К56;природный газ;requires_project_and_passport;;;False;True;УХЛ;ГОСТ 17375-2001;ГОСТ 17375-2001;78;pcs;True
SYN-REG-CARD-000432;MTR-SYN-REG-000432;KSM-SYN-REG-000432;отвод;ОКШ 3D;ОКШ 45-377x12 20;ОКШ 45-377x12 20;350;377;12;;;45;100;20;К42;природный газ;requires_project_and_passport;;;True;False;УХЛ;ГОСТ 17375-2001;ГОСТ 17375-2001;56;pcs;True
SYN-REG-CARD-000433;MTR-SYN-REG-000433;KSM-SYN-REG-000433;отвод;ОКШ 3D;ОКШ 45-57x3 13ХФА;ОКШ 45-57x3 13ХФА;50;57;3;;;45;16;13ХФА;К52;газ с H2S и CO2;requires_tu_lnd_passport;;;False;True;УХЛ;ГОСТ 17375-2001;ГОСТ 17375-2001;54;pcs;True
SYN-REG-CARD-000434;MTR-SYN-REG-000434;KSM-SYN-REG-000434;отвод;ОКШ 3D;ОКШ 45-377x12 09Г2С;ОКШ 45-377x12 09Г2С;350;377;12;;;45;160;09Г2С;К56;коррозионно-активная среда;requires_tu_lnd_passport;;;False;True;УХЛ;ГОСТ 17375-2001;ГОСТ 17375-2001;33;pcs;True
SYN-REG-CARD-000435;MTR-SYN-REG-000435;KSM-SYN-REG-000435;отвод;ОКШ 3D;ОКШ 90-76x4 09Г2С;ОКШ 90-76x4 09Г2С;65;76;4;;;90;16;09Г2С;К56;коррозионно-активная среда;requires_tu_lnd_passport;;;True;True;У;ГОСТ 17375-2001;ГОСТ 17375-2001;19;pcs;True
SYN-REG-CARD-000436;MTR-SYN-REG-000436;KSM-SYN-REG-000436;отвод;ОКШ 3D;ОКШ 90-76x4 09Г2С;ОКШ 90-76x4 09Г2С;65;76;4;;;90;100;09Г2С;К48;природный газ;requires_project_and_passport;;;True;False;ХЛ;ГОСТ 17375-2001;ГОСТ 17375-2001;2;pcs;True
SYN-REG-CARD-000437;MTR-SYN-REG-000437;KSM-SYN-REG-000437;отвод;ОКШ 3D;ОКШ 90-133x6 13ХФА;ОКШ 90-133x6 13ХФА;125;133;6;;;90;63;13ХФА;К52;коррозионно-активная среда;requires_tu_lnd_passport;;;False;True;ХЛ;ГОСТ 17375-2001;ГОСТ 17375-2001;19;pcs;True
SYN-REG-CARD-000438;MTR-SYN-REG-000438;KSM-SYN-REG-000438;отвод;ОКШ 3D;ОКШ 90-57x3 13ХФА;ОКШ 90-57x3 13ХФА;50;57;3;;;90;160;13ХФА;К52;газ с H2S и CO2;requires_tu_lnd_passport;;;False;True;У;ГОСТ 17375-2001;ГОСТ 17375-2001;50;pcs;True
SYN-REG-CARD-000439;MTR-SYN-REG-000439;KSM-SYN-REG-000439;отвод;ОКШ 3D;ОКШ 90-108x4 20;ОКШ 90-108x4 20;100;108;4;;;90;63;20;К56;техническая вода;requires_project_and_passport;;;False;True;У;ГОСТ 17375-2001;ГОСТ 17375-2001;39;pcs;True
SYN-REG-CARD-000440;MTR-SYN-REG-000440;KSM-SYN-REG-000440;отвод;ОКШ 3D;ОКШ 90-273x10 09ГСФ;ОКШ 90-273x10 09ГСФ;250;273;10;;;90;25;09ГСФ;К42;природный газ;requires_project_and_passport;;;True;True;УХЛ;ГОСТ 17375-2001;ГОСТ 17375-2001;13;pcs;True
SYN-REG-CARD-000441;MTR-SYN-REG-000441;KSM-SYN-REG-000441;переход;эксцентрический;Переход эксцентрический 133x5-89x4 20;Переход эксцентрический 133x5-89x4 20;;;;133;89;;63;20;К42;газ с H2S и CO2;requires_tu_lnd_passport;;;True;True;ХЛ;ГОСТ 17378-2001;ГОСТ 17378-2001;66;pcs;True
SYN-REG-CARD-000442;MTR-SYN-REG-000442;KSM-SYN-REG-000442;переход;концентрический;Переход концентрический 159x6-108x4 09ГСФ;Переход концентрический 159x6-108x4 09ГСФ;;;;159;108;;63;09ГСФ;К48;нефть;requires_project_and_passport;;;True;True;ХЛ;ГОСТ 17378-2001;ГОСТ 17378-2001;39;pcs;True
SYN-REG-CARD-000443;MTR-SYN-REG-000443;KSM-SYN-REG-000443;переход;концентрический;Переход концентрический 133x5-89x4 20;Переход концентрический 133x5-89x4 20;;;;133;89;;16;20;К56;техническая вода;requires_project_and_passport;;;False;True;ХЛ;ГОСТ 17378-2001;ГОСТ 17378-2001;60;pcs;True
SYN-REG-CARD-000444;MTR-SYN-REG-000444;KSM-SYN-REG-000444;переход;концентрический;Переход концентрический 108x4-76x4 13ХФА;Переход концентрический 108x4-76x4 13ХФА;;;;108;76;;25;13ХФА;К52;газ с H2S;requires_tu_lnd_passport;;;True;True;У;ГОСТ 17378-2001;ГОСТ 17378-2001;75;pcs;True
SYN-REG-CARD-000445;MTR-SYN-REG-000445;KSM-SYN-REG-000445;переход;концентрический;Переход концентрический 108x4-76x4 13ХФА;Переход концентрический 108x4-76x4 13ХФА;;;;108;76;;25;13ХФА;К42;природный газ;requires_project_and_passport;;;False;True;ХЛ;ГОСТ 17378-2001;ГОСТ 17378-2001;27;pcs;True
SYN-REG-CARD-000446;MTR-SYN-REG-000446;KSM-SYN-REG-000446;переход;концентрический;Переход концентрический 108x4-76x4 20;Переход концентрический 108x4-76x4 20;;;;108;76;;160;20;К48;нефть;requires_project_and_passport;;;False;True;ХЛ;ГОСТ 17378-2001;ГОСТ 17378-2001;35;pcs;True
SYN-REG-CARD-000447;MTR-SYN-REG-000447;KSM-SYN-REG-000447;переход;концентрический;Переход концентрический 76x4-57x3 20;Переход концентрический 76x4-57x3 20;;;;76;57;;63;20;К48;газ с CO2;requires_tu_lnd_passport;;;False;True;ХЛ;ГОСТ 17378-2001;ГОСТ 17378-2001;74;pcs;True
SYN-REG-CARD-000448;MTR-SYN-REG-000448;KSM-SYN-REG-000448;переход;концентрический;Переход концентрический 426x12-325x10 20;Переход концентрический 426x12-325x10 20;;;;426;325;;160;20;К48;коррозионно-активная среда;requires_tu_lnd_passport;;;True;True;УХЛ;ГОСТ 17378-2001;ГОСТ 17378-2001;27;pcs;True
SYN-REG-CARD-000449;MTR-SYN-REG-000449;KSM-SYN-REG-000449;переход;эксцентрический;Переход эксцентрический 325x10-219x8 09ГСФ;Переход эксцентрический 325x10-219x8 09ГСФ;;;;325;219;;16;09ГСФ;К56;техническая вода;requires_project_and_passport;;;True;True;ХЛ;ГОСТ 17378-2001;ГОСТ 17378-2001;15;pcs;True
SYN-REG-CARD-000450;MTR-SYN-REG-000450;KSM-SYN-REG-000450;переход;эксцентрический;Переход эксцентрический 159x6-108x4 13ХФА;Переход эксцентрический 159x6-108x4 13ХФА;;;;159;108;;16;13ХФА;К52;природный газ;requires_project_and_passport;;;True;True;У;ГОСТ 17378-2001;ГОСТ 17378-2001;32;pcs;True
SYN-REG-CARD-000451;MTR-SYN-REG-000451;KSM-SYN-REG-000451;переход;эксцентрический;Переход эксцентрический 273x10-219x8 20;Переход эксцентрический 273x10-219x8 20;;;;273;219;;16;20;К48;газ с H2S;requires_tu_lnd_passport;;;False;True;ХЛ;ГОСТ 17378-2001;ГОСТ 17378-2001;67;pcs;True
SYN-REG-CARD-000452;MTR-SYN-REG-000452;KSM-SYN-REG-000452;переход;эксцентрический;Переход эксцентрический 89x4-57x3 13ХФА;Переход эксцентрический 89x4-57x3 13ХФА;;;;89;57;;40;13ХФА;К42;нефть;requires_project_and_passport;;;;False;У;ГОСТ 17378-2001;ГОСТ 17378-2001;34;pcs;True
SYN-REG-CARD-000453;MTR-SYN-REG-000453;KSM-SYN-REG-000453;переход;концентрический;Переход концентрический 89x4-57x3 09Г2С;Переход концентрический 89x4-57x3 09Г2С;;;;89;57;;63;09Г2С;К48;природный газ;requires_project_and_passport;;;False;True;ХЛ;ГОСТ 17378-2001;ГОСТ 17378-2001;13;pcs;True
SYN-REG-CARD-000454;MTR-SYN-REG-000454;KSM-SYN-REG-000454;переход;концентрический;Переход концентрический 219x8-159x6 09Г2С;Переход концентрический 219x8-159x6 09Г2С;;;;219;159;;160;09Г2С;К48;природный газ;requires_project_and_passport;;;True;True;УХЛ;ГОСТ 17378-2001;ГОСТ 17378-2001;76;pcs;True
SYN-REG-CARD-000455;MTR-SYN-REG-000455;KSM-SYN-REG-000455;переход;концентрический;Переход концентрический 325x10-219x8 13ХФА;Переход концентрический 325x10-219x8 13ХФА;;;;325;219;;40;13ХФА;К48;газ с H2S и CO2;requires_tu_lnd_passport;;;;True;У;ГОСТ 17378-2001;ГОСТ 17378-2001;40;pcs;True
SYN-REG-CARD-000456;MTR-SYN-REG-000456;KSM-SYN-REG-000456;переход;эксцентрический;Переход эксцентрический 159x6-108x4 09Г2С;Переход эксцентрический 159x6-108x4 09Г2С;;;;159;108;;63;09Г2С;К42;газ с H2S;requires_tu_lnd_passport;;;False;True;У;ГОСТ 17378-2001;ГОСТ 17378-2001;15;pcs;True
SYN-REG-CARD-000457;MTR-SYN-REG-000457;KSM-SYN-REG-000457;переход;концентрический;Переход концентрический 325x10-219x8 20;Переход концентрический 325x10-219x8 20;;;;325;219;;160;20;К48;газ с CO2;requires_tu_lnd_passport;;;False;True;У;ГОСТ 17378-2001;ГОСТ 17378-2001;10;pcs;True
SYN-REG-CARD-000458;MTR-SYN-REG-000458;KSM-SYN-REG-000458;переход;эксцентрический;Переход эксцентрический 273x10-219x8 13ХФА;Переход эксцентрический 273x10-219x8 13ХФА;;;;273;219;;63;13ХФА;К42;нефть;requires_project_and_passport;;;False;True;У;ГОСТ 17378-2001;ГОСТ 17378-2001;44;pcs;True
SYN-REG-CARD-000459;MTR-SYN-REG-000459;KSM-SYN-REG-000459;переход;эксцентрический;Переход эксцентрический 76x4-57x3 09Г2С;Переход эксцентрический 76x4-57x3 09Г2С;;;;76;57;;160;09Г2С;К56;коррозионно-активная среда;requires_tu_lnd_passport;;;True;;УХЛ;ГОСТ 17378-2001;ГОСТ 17378-2001;72;pcs;True
SYN-REG-CARD-000460;MTR-SYN-REG-000460;KSM-SYN-REG-000460;переход;концентрический;Переход концентрический 219x8-159x6 09Г2С;Переход концентрический 219x8-159x6 09Г2С;;;;219;159;;25;09Г2С;К42;нефть;requires_project_and_passport;;;False;True;УХЛ;ГОСТ 17378-2001;ГОСТ 17378-2001;68;pcs;True
SYN-REG-CARD-000461;MTR-SYN-REG-000461;KSM-SYN-REG-000461;переход;концентрический;Переход концентрический 426x12-325x10 13ХФА;Переход концентрический 426x12-325x10 13ХФА;;;;426;325;;160;13ХФА;К42;коррозионно-активная среда;requires_tu_lnd_passport;;;;True;ХЛ;ГОСТ 17378-2001;ГОСТ 17378-2001;48;pcs;True
SYN-REG-CARD-000462;MTR-SYN-REG-000462;KSM-SYN-REG-000462;переход;эксцентрический;Переход эксцентрический 219x8-159x6 09Г2С;Переход эксцентрический 219x8-159x6 09Г2С;;;;219;159;;25;09Г2С;К48;коррозионно-активная среда;requires_tu_lnd_passport;;;False;;У;ГОСТ 17378-2001;ГОСТ 17378-2001;79;pcs;True
SYN-REG-CARD-000463;MTR-SYN-REG-000463;KSM-SYN-REG-000463;переход;эксцентрический;Переход эксцентрический 108x4-76x4 09Г2С;Переход эксцентрический 108x4-76x4 09Г2С;;;;108;76;;25;09Г2С;К48;природный газ;requires_project_and_passport;;;False;True;ХЛ;ГОСТ 17378-2001;ГОСТ 17378-2001;35;pcs;True
SYN-REG-CARD-000464;MTR-SYN-REG-000464;KSM-SYN-REG-000464;переход;эксцентрический;Переход эксцентрический 325x10-219x8 09ГСФ;Переход эксцентрический 325x10-219x8 09ГСФ;;;;325;219;;25;09ГСФ;К52;нефть;requires_project_and_passport;;;True;True;ХЛ;ГОСТ 17378-2001;ГОСТ 17378-2001;76;pcs;True
SYN-REG-CARD-000465;MTR-SYN-REG-000465;KSM-SYN-REG-000465;переход;концентрический;Переход концентрический 325x10-219x8 20;Переход концентрический 325x10-219x8 20;;;;325;219;;63;20;К52;природный газ;requires_project_and_passport;;;True;;УХЛ;ГОСТ 17378-2001;ГОСТ 17378-2001;30;pcs;True
SYN-REG-CARD-000466;MTR-SYN-REG-000466;KSM-SYN-REG-000466;переход;эксцентрический;Переход эксцентрический 108x4-76x4 09ГСФ;Переход эксцентрический 108x4-76x4 09ГСФ;;;;108;76;;25;09ГСФ;К48;газ с H2S;requires_tu_lnd_passport;;;True;True;УХЛ;ГОСТ 17378-2001;ГОСТ 17378-2001;74;pcs;True
SYN-REG-CARD-000467;MTR-SYN-REG-000467;KSM-SYN-REG-000467;переход;эксцентрический;Переход эксцентрический 219x8-159x6 09Г2С;Переход эксцентрический 219x8-159x6 09Г2С;;;;219;159;;40;09Г2С;К52;коррозионно-активная среда;requires_tu_lnd_passport;;;True;False;ХЛ;ГОСТ 17378-2001;ГОСТ 17378-2001;42;pcs;True
SYN-REG-CARD-000468;MTR-SYN-REG-000468;KSM-SYN-REG-000468;переход;концентрический;Переход концентрический 133x5-89x4 20;Переход концентрический 133x5-89x4 20;;;;133;89;;16;20;К48;газ с H2S;requires_tu_lnd_passport;;;False;True;УХЛ;ГОСТ 17378-2001;ГОСТ 17378-2001;49;pcs;True
SYN-REG-CARD-000469;MTR-SYN-REG-000469;KSM-SYN-REG-000469;переход;концентрический;Переход концентрический 159x6-108x4 13ХФА;Переход концентрический 159x6-108x4 13ХФА;;;;159;108;;25;13ХФА;К56;природный газ;requires_project_and_passport;;;False;True;УХЛ;ГОСТ 17378-2001;ГОСТ 17378-2001;35;pcs;True
SYN-REG-CARD-000470;MTR-SYN-REG-000470;KSM-SYN-REG-000470;переход;концентрический;Переход концентрический 76x4-57x3 09Г2С;Переход концентрический 76x4-57x3 09Г2С;;;;76;57;;160;09Г2С;К56;техническая вода;requires_project_and_passport;;;False;;ХЛ;ГОСТ 17378-2001;ГОСТ 17378-2001;8;pcs;True
SYN-REG-CARD-000471;MTR-SYN-REG-000471;KSM-SYN-REG-000471;переход;концентрический;Переход концентрический 426x12-325x10 09Г2С;Переход концентрический 426x12-325x10 09Г2С;;;;426;325;;40;09Г2С;К48;техническая вода;requires_project_and_passport;;;False;;УХЛ;ГОСТ 17378-2001;ГОСТ 17378-2001;65;pcs;True
SYN-REG-CARD-000472;MTR-SYN-REG-000472;KSM-SYN-REG-000472;переход;эксцентрический;Переход эксцентрический 108x4-76x4 09Г2С;Переход эксцентрический 108x4-76x4 09Г2С;;;;108;76;;160;09Г2С;К42;нефть;requires_project_and_passport;;;False;False;ХЛ;ГОСТ 17378-2001;ГОСТ 17378-2001;28;pcs;True
SYN-REG-CARD-000473;MTR-SYN-REG-000473;KSM-SYN-REG-000473;переход;концентрический;Переход концентрический 89x4-57x3 20;Переход концентрический 89x4-57x3 20;;;;89;57;;100;20;К52;техническая вода;requires_project_and_passport;;;False;True;ХЛ;ГОСТ 17378-2001;ГОСТ 17378-2001;40;pcs;True
SYN-REG-CARD-000474;MTR-SYN-REG-000474;KSM-SYN-REG-000474;переход;концентрический;Переход концентрический 159x6-108x4 09Г2С;Переход концентрический 159x6-108x4 09Г2С;;;;159;108;;40;09Г2С;К42;газ с H2S и CO2;requires_tu_lnd_passport;;;False;True;У;ГОСТ 17378-2001;ГОСТ 17378-2001;32;pcs;True
SYN-REG-CARD-000475;MTR-SYN-REG-000475;KSM-SYN-REG-000475;переход;концентрический;Переход концентрический 325x10-219x8 13ХФА;Переход концентрический 325x10-219x8 13ХФА;;;;325;219;;100;13ХФА;К52;газ с H2S;requires_tu_lnd_passport;;;False;True;У;ГОСТ 17378-2001;ГОСТ 17378-2001;50;pcs;True
SYN-REG-CARD-000476;MTR-SYN-REG-000476;KSM-SYN-REG-000476;переход;концентрический;Переход концентрический 325x10-219x8 20;Переход концентрический 325x10-219x8 20;;;;325;219;;100;20;К52;газ с CO2;requires_tu_lnd_passport;;;;True;ХЛ;ГОСТ 17378-2001;ГОСТ 17378-2001;13;pcs;True
SYN-REG-CARD-000477;MTR-SYN-REG-000477;KSM-SYN-REG-000477;переход;эксцентрический;Переход эксцентрический 219x8-159x6 09ГСФ;Переход эксцентрический 219x8-159x6 09ГСФ;;;;219;159;;100;09ГСФ;К56;природный газ;requires_project_and_passport;;;;;ХЛ;ГОСТ 17378-2001;ГОСТ 17378-2001;19;pcs;True
SYN-REG-CARD-000478;MTR-SYN-REG-000478;KSM-SYN-REG-000478;переход;концентрический;Переход концентрический 76x4-57x3 13ХФА;Переход концентрический 76x4-57x3 13ХФА;;;;76;57;;63;13ХФА;К52;газ с H2S и CO2;requires_tu_lnd_passport;;;False;True;УХЛ;ГОСТ 17378-2001;ГОСТ 17378-2001;44;pcs;True
SYN-REG-CARD-000479;MTR-SYN-REG-000479;KSM-SYN-REG-000479;переход;концентрический;Переход концентрический 219x8-159x6 09Г2С;Переход концентрический 219x8-159x6 09Г2С;;;;219;159;;63;09Г2С;К52;газ с H2S;requires_tu_lnd_passport;;;True;False;У;ГОСТ 17378-2001;ГОСТ 17378-2001;19;pcs;True
SYN-REG-CARD-000480;MTR-SYN-REG-000480;KSM-SYN-REG-000480;переход;эксцентрический;Переход эксцентрический 89x4-57x3 09ГСФ;Переход эксцентрический 89x4-57x3 09ГСФ;;;;89;57;;100;09ГСФ;К48;газ с CO2;requires_tu_lnd_passport;;;True;True;У;ГОСТ 17378-2001;ГОСТ 17378-2001;13;pcs;True
SYN-REG-CARD-000481;MTR-SYN-REG-000481;KSM-SYN-REG-000481;переход;концентрический;Переход концентрический 273x10-219x8 09Г2С;Переход концентрический 273x10-219x8 09Г2С;;;;273;219;;16;09Г2С;К56;газ с H2S и CO2;requires_tu_lnd_passport;;;False;True;УХЛ;ГОСТ 17378-2001;ГОСТ 17378-2001;5;pcs;True
SYN-REG-CARD-000482;MTR-SYN-REG-000482;KSM-SYN-REG-000482;переход;эксцентрический;Переход эксцентрический 89x4-57x3 13ХФА;Переход эксцентрический 89x4-57x3 13ХФА;;;;89;57;;160;13ХФА;К52;газ с H2S;requires_tu_lnd_passport;;;False;False;ХЛ;ГОСТ 17378-2001;ГОСТ 17378-2001;69;pcs;True
SYN-REG-CARD-000483;MTR-SYN-REG-000483;KSM-SYN-REG-000483;переход;эксцентрический;Переход эксцентрический 426x12-325x10 20;Переход эксцентрический 426x12-325x10 20;;;;426;325;;63;20;К48;газ с H2S;requires_tu_lnd_passport;;;;True;ХЛ;ГОСТ 17378-2001;ГОСТ 17378-2001;73;pcs;True
SYN-REG-CARD-000484;MTR-SYN-REG-000484;KSM-SYN-REG-000484;переход;эксцентрический;Переход эксцентрический 426x12-325x10 20;Переход эксцентрический 426x12-325x10 20;;;;426;325;;16;20;К48;коррозионно-активная среда;requires_tu_lnd_passport;;;;True;ХЛ;ГОСТ 17378-2001;ГОСТ 17378-2001;61;pcs;True
SYN-REG-CARD-000485;MTR-SYN-REG-000485;KSM-SYN-REG-000485;переход;эксцентрический;Переход эксцентрический 76x4-57x3 20;Переход эксцентрический 76x4-57x3 20;;;;76;57;;16;20;К52;техническая вода;requires_project_and_passport;;;False;True;У;ГОСТ 17378-2001;ГОСТ 17378-2001;22;pcs;True
SYN-REG-CARD-000486;MTR-SYN-REG-000486;KSM-SYN-REG-000486;переход;эксцентрический;Переход эксцентрический 426x12-325x10 09ГСФ;Переход эксцентрический 426x12-325x10 09ГСФ;;;;426;325;;25;09ГСФ;К42;газ с H2S и CO2;requires_tu_lnd_passport;;;False;True;У;ГОСТ 17378-2001;ГОСТ 17378-2001;53;pcs;True
SYN-REG-CARD-000487;MTR-SYN-REG-000487;KSM-SYN-REG-000487;переход;эксцентрический;Переход эксцентрический 108x4-76x4 09Г2С;Переход эксцентрический 108x4-76x4 09Г2С;;;;108;76;;40;09Г2С;К42;газ с H2S;requires_tu_lnd_passport;;;True;False;ХЛ;ГОСТ 17378-2001;ГОСТ 17378-2001;7;pcs;True
SYN-REG-CARD-000488;MTR-SYN-REG-000488;KSM-SYN-REG-000488;переход;эксцентрический;Переход эксцентрический 219x8-159x6 13ХФА;Переход эксцентрический 219x8-159x6 13ХФА;;;;219;159;;160;13ХФА;К48;коррозионно-активная среда;requires_tu_lnd_passport;;;True;True;ХЛ;ГОСТ 17378-2001;ГОСТ 17378-2001;66;pcs;True
SYN-REG-CARD-000489;MTR-SYN-REG-000489;KSM-SYN-REG-000489;переход;эксцентрический;Переход эксцентрический 426x12-325x10 20;Переход эксцентрический 426x12-325x10 20;;;;426;325;;100;20;К48;коррозионно-активная среда;requires_tu_lnd_passport;;;True;True;У;ГОСТ 17378-2001;ГОСТ 17378-2001;77;pcs;True
SYN-REG-CARD-000490;MTR-SYN-REG-000490;KSM-SYN-REG-000490;переход;эксцентрический;Переход эксцентрический 325x10-219x8 13ХФА;Переход эксцентрический 325x10-219x8 13ХФА;;;;325;219;;100;13ХФА;К42;природный газ;requires_project_and_passport;;;True;False;ХЛ;ГОСТ 17378-2001;ГОСТ 17378-2001;78;pcs;True
SYN-REG-CARD-000491;MTR-SYN-REG-000491;KSM-SYN-REG-000491;переход;концентрический;Переход концентрический 159x6-108x4 13ХФА;Переход концентрический 159x6-108x4 13ХФА;;;;159;108;;25;13ХФА;К52;газ с CO2;requires_tu_lnd_passport;;;True;True;УХЛ;ГОСТ 17378-2001;ГОСТ 17378-2001;64;pcs;True
SYN-REG-CARD-000492;MTR-SYN-REG-000492;KSM-SYN-REG-000492;переход;эксцентрический;Переход эксцентрический 325x10-219x8 09ГСФ;Переход эксцентрический 325x10-219x8 09ГСФ;;;;325;219;;100;09ГСФ;К56;техническая вода;requires_project_and_passport;;;True;True;УХЛ;ГОСТ 17378-2001;ГОСТ 17378-2001;73;pcs;True
SYN-REG-CARD-000493;MTR-SYN-REG-000493;KSM-SYN-REG-000493;переход;концентрический;Переход концентрический 273x10-219x8 09Г2С;Переход концентрический 273x10-219x8 09Г2С;;;;273;219;;63;09Г2С;К56;нефть;requires_project_and_passport;;;True;True;У;ГОСТ 17378-2001;ГОСТ 17378-2001;31;pcs;True
SYN-REG-CARD-000494;MTR-SYN-REG-000494;KSM-SYN-REG-000494;переход;концентрический;Переход концентрический 426x12-325x10 20;Переход концентрический 426x12-325x10 20;;;;426;325;;40;20;К52;газ с CO2;requires_tu_lnd_passport;;;False;True;ХЛ;ГОСТ 17378-2001;ГОСТ 17378-2001;78;pcs;True
SYN-REG-CARD-000495;MTR-SYN-REG-000495;KSM-SYN-REG-000495;переход;концентрический;Переход концентрический 325x10-219x8 13ХФА;Переход концентрический 325x10-219x8 13ХФА;;;;325;219;;100;13ХФА;К56;коррозионно-активная среда;requires_tu_lnd_passport;;;True;True;ХЛ;ГОСТ 17378-2001;ГОСТ 17378-2001;36;pcs;True
SYN-REG-CARD-000496;MTR-SYN-REG-000496;KSM-SYN-REG-000496;переход;эксцентрический;Переход эксцентрический 273x10-219x8 09ГСФ;Переход эксцентрический 273x10-219x8 09ГСФ;;;;273;219;;25;09ГСФ;К42;газ с H2S;requires_tu_lnd_passport;;;False;True;УХЛ;ГОСТ 17378-2001;ГОСТ 17378-2001;49;pcs;True
SYN-REG-CARD-000497;MTR-SYN-REG-000497;KSM-SYN-REG-000497;переход;эксцентрический;Переход эксцентрический 273x10-219x8 09ГСФ;Переход эксцентрический 273x10-219x8 09ГСФ;;;;273;219;;16;09ГСФ;К56;коррозионно-активная среда;requires_tu_lnd_passport;;;;True;УХЛ;ГОСТ 17378-2001;ГОСТ 17378-2001;1;pcs;True
SYN-REG-CARD-000498;MTR-SYN-REG-000498;KSM-SYN-REG-000498;переход;концентрический;Переход концентрический 219x8-159x6 13ХФА;Переход концентрический 219x8-159x6 13ХФА;;;;219;159;;25;13ХФА;К48;природный газ;requires_project_and_passport;;;;True;УХЛ;ГОСТ 17378-2001;ГОСТ 17378-2001;20;pcs;True
SYN-REG-CARD-000499;MTR-SYN-REG-000499;KSM-SYN-REG-000499;переход;эксцентрический;Переход эксцентрический 219x8-159x6 09ГСФ;Переход эксцентрический 219x8-159x6 09ГСФ;;;;219;159;;25;09ГСФ;К56;газ с CO2;requires_tu_lnd_passport;;;True;True;У;ГОСТ 17378-2001;ГОСТ 17378-2001;24;pcs;True
SYN-REG-CARD-000500;MTR-SYN-REG-000500;KSM-SYN-REG-000500;переход;концентрический;Переход концентрический 133x5-89x4 13ХФА;Переход концентрический 133x5-89x4 13ХФА;;;;133;89;;40;13ХФА;К56;газ с CO2;requires_tu_lnd_passport;;;True;;ХЛ;ГОСТ 17378-2001;ГОСТ 17378-2001;68;pcs;True
SYN-REG-CARD-000501;MTR-SYN-REG-000501;KSM-SYN-REG-000501;переход;эксцентрический;Переход эксцентрический 426x12-325x10 09ГСФ;Переход эксцентрический 426x12-325x10 09ГСФ;;;;426;325;;40;09ГСФ;К48;природный газ;requires_project_and_passport;;;False;True;УХЛ;ГОСТ 17378-2001;ГОСТ 17378-2001;46;pcs;True
SYN-REG-CARD-000502;MTR-SYN-REG-000502;KSM-SYN-REG-000502;переход;эксцентрический;Переход эксцентрический 108x4-76x4 09Г2С;Переход эксцентрический 108x4-76x4 09Г2С;;;;108;76;;16;09Г2С;К48;техническая вода;requires_project_and_passport;;;False;True;ХЛ;ГОСТ 17378-2001;ГОСТ 17378-2001;50;pcs;True
SYN-REG-CARD-000503;MTR-SYN-REG-000503;KSM-SYN-REG-000503;переход;концентрический;Переход концентрический 325x10-219x8 09Г2С;Переход концентрический 325x10-219x8 09Г2С;;;;325;219;;63;09Г2С;К52;природный газ;requires_project_and_passport;;;True;True;ХЛ;ГОСТ 17378-2001;ГОСТ 17378-2001;56;pcs;True
SYN-REG-CARD-000504;MTR-SYN-REG-000504;KSM-SYN-REG-000504;переход;концентрический;Переход концентрический 133x5-89x4 09Г2С;Переход концентрический 133x5-89x4 09Г2С;;;;133;89;;40;09Г2С;К52;коррозионно-активная среда;requires_tu_lnd_passport;;;False;True;УХЛ;ГОСТ 17378-2001;ГОСТ 17378-2001;44;pcs;True
SYN-REG-CARD-000505;MTR-SYN-REG-000505;KSM-SYN-REG-000505;переход;эксцентрический;Переход эксцентрический 219x8-159x6 20;Переход эксцентрический 219x8-159x6 20;;;;219;159;;100;20;К48;техническая вода;requires_project_and_passport;;;True;False;ХЛ;ГОСТ 17378-2001;ГОСТ 17378-2001;15;pcs;True
SYN-REG-CARD-000506;MTR-SYN-REG-000506;KSM-SYN-REG-000506;переход;эксцентрический;Переход эксцентрический 76x4-57x3 13ХФА;Переход эксцентрический 76x4-57x3 13ХФА;;;;76;57;;16;13ХФА;К56;газ с H2S;requires_tu_lnd_passport;;;False;True;ХЛ;ГОСТ 17378-2001;ГОСТ 17378-2001;47;pcs;True
SYN-REG-CARD-000507;MTR-SYN-REG-000507;KSM-SYN-REG-000507;переход;эксцентрический;Переход эксцентрический 219x8-159x6 13ХФА;Переход эксцентрический 219x8-159x6 13ХФА;;;;219;159;;16;13ХФА;К52;техническая вода;requires_project_and_passport;;;True;;У;ГОСТ 17378-2001;ГОСТ 17378-2001;70;pcs;True
SYN-REG-CARD-000508;MTR-SYN-REG-000508;KSM-SYN-REG-000508;переход;концентрический;Переход концентрический 159x6-108x4 20;Переход концентрический 159x6-108x4 20;;;;159;108;;160;20;К48;газ с H2S;requires_tu_lnd_passport;;;False;False;ХЛ;ГОСТ 17378-2001;ГОСТ 17378-2001;17;pcs;True
SYN-REG-CARD-000509;MTR-SYN-REG-000509;KSM-SYN-REG-000509;переход;концентрический;Переход концентрический 133x5-89x4 13ХФА;Переход концентрический 133x5-89x4 13ХФА;;;;133;89;;25;13ХФА;К42;техническая вода;requires_project_and_passport;;;True;True;УХЛ;ГОСТ 17378-2001;ГОСТ 17378-2001;34;pcs;True
SYN-REG-CARD-000510;MTR-SYN-REG-000510;KSM-SYN-REG-000510;переход;эксцентрический;Переход эксцентрический 273x10-219x8 20;Переход эксцентрический 273x10-219x8 20;;;;273;219;;16;20;К42;техническая вода;requires_project_and_passport;;;True;True;УХЛ;ГОСТ 17378-2001;ГОСТ 17378-2001;69;pcs;True
SYN-REG-CARD-000511;MTR-SYN-REG-000511;KSM-SYN-REG-000511;переход;концентрический;Переход концентрический 159x6-108x4 20;Переход концентрический 159x6-108x4 20;;;;159;108;;25;20;К56;природный газ;requires_project_and_passport;;;False;True;УХЛ;ГОСТ 17378-2001;ГОСТ 17378-2001;80;pcs;True
SYN-REG-CARD-000512;MTR-SYN-REG-000512;KSM-SYN-REG-000512;переход;эксцентрический;Переход эксцентрический 108x4-76x4 09Г2С;Переход эксцентрический 108x4-76x4 09Г2С;;;;108;76;;160;09Г2С;К42;газ с H2S и CO2;requires_tu_lnd_passport;;;False;True;УХЛ;ГОСТ 17378-2001;ГОСТ 17378-2001;78;pcs;True
SYN-REG-CARD-000513;MTR-SYN-REG-000513;KSM-SYN-REG-000513;переход;эксцентрический;Переход эксцентрический 76x4-57x3 09ГСФ;Переход эксцентрический 76x4-57x3 09ГСФ;;;;76;57;;100;09ГСФ;К48;газ с CO2;requires_tu_lnd_passport;;;True;True;У;ГОСТ 17378-2001;ГОСТ 17378-2001;43;pcs;True
SYN-REG-CARD-000514;MTR-SYN-REG-000514;KSM-SYN-REG-000514;переход;концентрический;Переход концентрический 108x4-76x4 20;Переход концентрический 108x4-76x4 20;;;;108;76;;16;20;К48;коррозионно-активная среда;requires_tu_lnd_passport;;;False;;У;ГОСТ 17378-2001;ГОСТ 17378-2001;61;pcs;True
SYN-REG-CARD-000515;MTR-SYN-REG-000515;KSM-SYN-REG-000515;переход;эксцентрический;Переход эксцентрический 108x4-76x4 09Г2С;Переход эксцентрический 108x4-76x4 09Г2С;;;;108;76;;160;09Г2С;К52;природный газ;requires_project_and_passport;;;False;True;У;ГОСТ 17378-2001;ГОСТ 17378-2001;54;pcs;True
SYN-REG-CARD-000516;MTR-SYN-REG-000516;KSM-SYN-REG-000516;переход;эксцентрический;Переход эксцентрический 273x10-219x8 09ГСФ;Переход эксцентрический 273x10-219x8 09ГСФ;;;;273;219;;160;09ГСФ;К48;газ с CO2;requires_tu_lnd_passport;;;True;;УХЛ;ГОСТ 17378-2001;ГОСТ 17378-2001;55;pcs;True
SYN-REG-CARD-000517;MTR-SYN-REG-000517;KSM-SYN-REG-000517;переход;эксцентрический;Переход эксцентрический 159x6-108x4 09Г2С;Переход эксцентрический 159x6-108x4 09Г2С;;;;159;108;;25;09Г2С;К56;нефть;requires_project_and_passport;;;False;True;УХЛ;ГОСТ 17378-2001;ГОСТ 17378-2001;13;pcs;True
SYN-REG-CARD-000518;MTR-SYN-REG-000518;KSM-SYN-REG-000518;переход;концентрический;Переход концентрический 325x10-219x8 09Г2С;Переход концентрический 325x10-219x8 09Г2С;;;;325;219;;160;09Г2С;К48;газ с H2S и CO2;requires_tu_lnd_passport;;;False;True;УХЛ;ГОСТ 17378-2001;ГОСТ 17378-2001;62;pcs;True
SYN-REG-CARD-000519;MTR-SYN-REG-000519;KSM-SYN-REG-000519;переход;концентрический;Переход концентрический 76x4-57x3 20;Переход концентрический 76x4-57x3 20;;;;76;57;;40;20;К52;нефть;requires_project_and_passport;;;False;True;УХЛ;ГОСТ 17378-2001;ГОСТ 17378-2001;54;pcs;True
SYN-REG-CARD-000520;MTR-SYN-REG-000520;KSM-SYN-REG-000520;переход;эксцентрический;Переход эксцентрический 108x4-76x4 20;Переход эксцентрический 108x4-76x4 20;;;;108;76;;160;20;К56;природный газ;requires_project_and_passport;;;True;True;ХЛ;ГОСТ 17378-2001;ГОСТ 17378-2001;39;pcs;True
SYN-REG-CARD-000521;MTR-SYN-REG-000521;KSM-SYN-REG-000521;переход;эксцентрический;Переход эксцентрический 76x4-57x3 09ГСФ;Переход эксцентрический 76x4-57x3 09ГСФ;;;;76;57;;160;09ГСФ;К52;техническая вода;requires_project_and_passport;;;False;True;ХЛ;ГОСТ 17378-2001;ГОСТ 17378-2001;28;pcs;True
SYN-REG-CARD-000522;MTR-SYN-REG-000522;KSM-SYN-REG-000522;переход;концентрический;Переход концентрический 89x4-57x3 13ХФА;Переход концентрический 89x4-57x3 13ХФА;;;;89;57;;100;13ХФА;К48;нефть;requires_project_and_passport;;;True;True;УХЛ;ГОСТ 17378-2001;ГОСТ 17378-2001;71;pcs;True
SYN-REG-CARD-000523;MTR-SYN-REG-000523;KSM-SYN-REG-000523;переход;эксцентрический;Переход эксцентрический 219x8-159x6 13ХФА;Переход эксцентрический 219x8-159x6 13ХФА;;;;219;159;;63;13ХФА;К52;газ с H2S и CO2;requires_tu_lnd_passport;;;;False;УХЛ;ГОСТ 17378-2001;ГОСТ 17378-2001;78;pcs;True
SYN-REG-CARD-000524;MTR-SYN-REG-000524;KSM-SYN-REG-000524;переход;концентрический;Переход концентрический 159x6-108x4 13ХФА;Переход концентрический 159x6-108x4 13ХФА;;;;159;108;;160;13ХФА;К42;газ с H2S;requires_tu_lnd_passport;;;;False;У;ГОСТ 17378-2001;ГОСТ 17378-2001;24;pcs;True
SYN-REG-CARD-000525;MTR-SYN-REG-000525;KSM-SYN-REG-000525;переход;концентрический;Переход концентрический 219x8-159x6 09Г2С;Переход концентрический 219x8-159x6 09Г2С;;;;219;159;;40;09Г2С;К52;природный газ;requires_project_and_passport;;;False;False;УХЛ;ГОСТ 17378-2001;ГОСТ 17378-2001;70;pcs;True
SYN-REG-CARD-000526;MTR-SYN-REG-000526;KSM-SYN-REG-000526;переход;концентрический;Переход концентрический 426x12-325x10 09ГСФ;Переход концентрический 426x12-325x10 09ГСФ;;;;426;325;;100;09ГСФ;К56;коррозионно-активная среда;requires_tu_lnd_passport;;;;True;У;ГОСТ 17378-2001;ГОСТ 17378-2001;58;pcs;True
SYN-REG-CARD-000527;MTR-SYN-REG-000527;KSM-SYN-REG-000527;переход;концентрический;Переход концентрический 273x10-219x8 20;Переход концентрический 273x10-219x8 20;;;;273;219;;40;20;К42;нефть;requires_project_and_passport;;;False;True;УХЛ;ГОСТ 17378-2001;ГОСТ 17378-2001;13;pcs;True
SYN-REG-CARD-000528;MTR-SYN-REG-000528;KSM-SYN-REG-000528;переход;концентрический;Переход концентрический 426x12-325x10 09ГСФ;Переход концентрический 426x12-325x10 09ГСФ;;;;426;325;;100;09ГСФ;К52;газ с H2S;requires_tu_lnd_passport;;;True;True;У;ГОСТ 17378-2001;ГОСТ 17378-2001;60;pcs;True
SYN-REG-CARD-000529;MTR-SYN-REG-000529;KSM-SYN-REG-000529;переход;концентрический;Переход концентрический 325x10-219x8 09ГСФ;Переход концентрический 325x10-219x8 09ГСФ;;;;325;219;;63;09ГСФ;К56;нефть;requires_project_and_passport;;;True;;У;ГОСТ 17378-2001;ГОСТ 17378-2001;60;pcs;True
SYN-REG-CARD-000530;MTR-SYN-REG-000530;KSM-SYN-REG-000530;переход;концентрический;Переход концентрический 133x5-89x4 13ХФА;Переход концентрический 133x5-89x4 13ХФА;;;;133;89;;25;13ХФА;К56;газ с CO2;requires_tu_lnd_passport;;;True;True;УХЛ;ГОСТ 17378-2001;ГОСТ 17378-2001;55;pcs;True
SYN-REG-CARD-000531;MTR-SYN-REG-000531;KSM-SYN-REG-000531;переход;концентрический;Переход концентрический 219x8-159x6 13ХФА;Переход концентрический 219x8-159x6 13ХФА;;;;219;159;;160;13ХФА;К52;газ с H2S;requires_tu_lnd_passport;;;False;True;ХЛ;ГОСТ 17378-2001;ГОСТ 17378-2001;3;pcs;True
SYN-REG-CARD-000532;MTR-SYN-REG-000532;KSM-SYN-REG-000532;переход;эксцентрический;Переход эксцентрический 89x4-57x3 09Г2С;Переход эксцентрический 89x4-57x3 09Г2С;;;;89;57;;100;09Г2С;К56;газ с H2S и CO2;requires_tu_lnd_passport;;;False;True;ХЛ;ГОСТ 17378-2001;ГОСТ 17378-2001;21;pcs;True
SYN-REG-CARD-000533;MTR-SYN-REG-000533;KSM-SYN-REG-000533;переход;концентрический;Переход концентрический 219x8-159x6 20;Переход концентрический 219x8-159x6 20;;;;219;159;;25;20;К56;техническая вода;requires_project_and_passport;;;;;У;ГОСТ 17378-2001;ГОСТ 17378-2001;18;pcs;True
SYN-REG-CARD-000534;MTR-SYN-REG-000534;KSM-SYN-REG-000534;переход;концентрический;Переход концентрический 325x10-219x8 20;Переход концентрический 325x10-219x8 20;;;;325;219;;100;20;К56;коррозионно-активная среда;requires_tu_lnd_passport;;;True;True;ХЛ;ГОСТ 17378-2001;ГОСТ 17378-2001;0;pcs;True
SYN-REG-CARD-000535;MTR-SYN-REG-000535;KSM-SYN-REG-000535;переход;эксцентрический;Переход эксцентрический 426x12-325x10 20;Переход эксцентрический 426x12-325x10 20;;;;426;325;;63;20;К48;природный газ;requires_project_and_passport;;;False;;У;ГОСТ 17378-2001;ГОСТ 17378-2001;69;pcs;True
SYN-REG-CARD-000536;MTR-SYN-REG-000536;KSM-SYN-REG-000536;переход;концентрический;Переход концентрический 108x4-76x4 20;Переход концентрический 108x4-76x4 20;;;;108;76;;63;20;К56;коррозионно-активная среда;requires_tu_lnd_passport;;;False;True;УХЛ;ГОСТ 17378-2001;ГОСТ 17378-2001;66;pcs;True
SYN-REG-CARD-000537;MTR-SYN-REG-000537;KSM-SYN-REG-000537;переход;концентрический;Переход концентрический 133x5-89x4 09ГСФ;Переход концентрический 133x5-89x4 09ГСФ;;;;133;89;;63;09ГСФ;К56;коррозионно-активная среда;requires_tu_lnd_passport;;;False;True;ХЛ;ГОСТ 17378-2001;ГОСТ 17378-2001;67;pcs;True
SYN-REG-CARD-000538;MTR-SYN-REG-000538;KSM-SYN-REG-000538;переход;эксцентрический;Переход эксцентрический 219x8-159x6 20;Переход эксцентрический 219x8-159x6 20;;;;219;159;;63;20;К42;газ с CO2;requires_tu_lnd_passport;;;True;True;У;ГОСТ 17378-2001;ГОСТ 17378-2001;38;pcs;True
SYN-REG-CARD-000539;MTR-SYN-REG-000539;KSM-SYN-REG-000539;переход;концентрический;Переход концентрический 76x4-57x3 09Г2С;Переход концентрический 76x4-57x3 09Г2С;;;;76;57;;16;09Г2С;К48;газ с H2S и CO2;requires_tu_lnd_passport;;;True;True;ХЛ;ГОСТ 17378-2001;ГОСТ 17378-2001;16;pcs;True
SYN-REG-CARD-000540;MTR-SYN-REG-000540;KSM-SYN-REG-000540;переход;концентрический;Переход концентрический 76x4-57x3 13ХФА;Переход концентрический 76x4-57x3 13ХФА;;;;76;57;;40;13ХФА;К56;нефть;requires_project_and_passport;;;False;True;УХЛ;ГОСТ 17378-2001;ГОСТ 17378-2001;24;pcs;True
SYN-REG-CARD-000541;MTR-SYN-REG-000541;KSM-SYN-REG-000541;переход;концентрический;Переход концентрический 426x12-325x10 13ХФА;Переход концентрический 426x12-325x10 13ХФА;;;;426;325;;160;13ХФА;К52;природный газ;requires_project_and_passport;;;False;True;У;ГОСТ 17378-2001;ГОСТ 17378-2001;8;pcs;True
SYN-REG-CARD-000542;MTR-SYN-REG-000542;KSM-SYN-REG-000542;переход;эксцентрический;Переход эксцентрический 159x6-108x4 09Г2С;Переход эксцентрический 159x6-108x4 09Г2С;;;;159;108;;63;09Г2С;К48;коррозионно-активная среда;requires_tu_lnd_passport;;;True;True;У;ГОСТ 17378-2001;ГОСТ 17378-2001;76;pcs;True
SYN-REG-CARD-000543;MTR-SYN-REG-000543;KSM-SYN-REG-000543;переход;концентрический;Переход концентрический 219x8-159x6 20;Переход концентрический 219x8-159x6 20;;;;219;159;;100;20;К56;газ с CO2;requires_tu_lnd_passport;;;True;True;У;ГОСТ 17378-2001;ГОСТ 17378-2001;67;pcs;True
SYN-REG-CARD-000544;MTR-SYN-REG-000544;KSM-SYN-REG-000544;переход;эксцентрический;Переход эксцентрический 89x4-57x3 09ГСФ;Переход эксцентрический 89x4-57x3 09ГСФ;;;;89;57;;63;09ГСФ;К48;техническая вода;requires_project_and_passport;;;False;;ХЛ;ГОСТ 17378-2001;ГОСТ 17378-2001;80;pcs;True
SYN-REG-CARD-000545;MTR-SYN-REG-000545;KSM-SYN-REG-000545;переход;эксцентрический;Переход эксцентрический 76x4-57x3 13ХФА;Переход эксцентрический 76x4-57x3 13ХФА;;;;76;57;;160;13ХФА;К42;коррозионно-активная среда;requires_tu_lnd_passport;;;;False;У;ГОСТ 17378-2001;ГОСТ 17378-2001;2;pcs;True
SYN-REG-CARD-000546;MTR-SYN-REG-000546;KSM-SYN-REG-000546;переход;концентрический;Переход концентрический 325x10-219x8 09ГСФ;Переход концентрический 325x10-219x8 09ГСФ;;;;325;219;;40;09ГСФ;К48;нефть;requires_project_and_passport;;;True;False;У;ГОСТ 17378-2001;ГОСТ 17378-2001;39;pcs;True
SYN-REG-CARD-000547;MTR-SYN-REG-000547;KSM-SYN-REG-000547;переход;эксцентрический;Переход эксцентрический 89x4-57x3 13ХФА;Переход эксцентрический 89x4-57x3 13ХФА;;;;89;57;;25;13ХФА;К48;газ с CO2;requires_tu_lnd_passport;;;True;True;ХЛ;ГОСТ 17378-2001;ГОСТ 17378-2001;69;pcs;True
SYN-REG-CARD-000548;MTR-SYN-REG-000548;KSM-SYN-REG-000548;переход;эксцентрический;Переход эксцентрический 76x4-57x3 09ГСФ;Переход эксцентрический 76x4-57x3 09ГСФ;;;;76;57;;63;09ГСФ;К52;газ с H2S и CO2;requires_tu_lnd_passport;;;True;True;ХЛ;ГОСТ 17378-2001;ГОСТ 17378-2001;57;pcs;True
SYN-REG-CARD-000549;MTR-SYN-REG-000549;KSM-SYN-REG-000549;переход;концентрический;Переход концентрический 325x10-219x8 09Г2С;Переход концентрический 325x10-219x8 09Г2С;;;;325;219;;25;09Г2С;К48;газ с CO2;requires_tu_lnd_passport;;;False;True;У;ГОСТ 17378-2001;ГОСТ 17378-2001;46;pcs;True
SYN-REG-CARD-000550;MTR-SYN-REG-000550;KSM-SYN-REG-000550;переход;эксцентрический;Переход эксцентрический 76x4-57x3 13ХФА;Переход эксцентрический 76x4-57x3 13ХФА;;;;76;57;;40;13ХФА;К56;коррозионно-активная среда;requires_tu_lnd_passport;;;False;False;ХЛ;ГОСТ 17378-2001;ГОСТ 17378-2001;66;pcs;True
SYN-REG-CARD-000551;MTR-SYN-REG-000551;KSM-SYN-REG-000551;переход;концентрический;Переход концентрический 426x12-325x10 09Г2С;Переход концентрический 426x12-325x10 09Г2С;;;;426;325;;25;09Г2С;К42;коррозионно-активная среда;requires_tu_lnd_passport;;;False;True;УХЛ;ГОСТ 17378-2001;ГОСТ 17378-2001;61;pcs;True
SYN-REG-CARD-000552;MTR-SYN-REG-000552;KSM-SYN-REG-000552;переход;концентрический;Переход концентрический 273x10-219x8 20;Переход концентрический 273x10-219x8 20;;;;273;219;;160;20;К52;газ с CO2;requires_tu_lnd_passport;;;;True;УХЛ;ГОСТ 17378-2001;ГОСТ 17378-2001;0;pcs;True
SYN-REG-CARD-000553;MTR-SYN-REG-000553;KSM-SYN-REG-000553;переход;эксцентрический;Переход эксцентрический 325x10-219x8 20;Переход эксцентрический 325x10-219x8 20;;;;325;219;;63;20;К52;газ с H2S;requires_tu_lnd_passport;;;False;True;ХЛ;ГОСТ 17378-2001;ГОСТ 17378-2001;19;pcs;True
SYN-REG-CARD-000554;MTR-SYN-REG-000554;KSM-SYN-REG-000554;переход;эксцентрический;Переход эксцентрический 89x4-57x3 20;Переход эксцентрический 89x4-57x3 20;;;;89;57;;40;20;К56;техническая вода;requires_project_and_passport;;;True;True;ХЛ;ГОСТ 17378-2001;ГОСТ 17378-2001;12;pcs;True
SYN-REG-CARD-000555;MTR-SYN-REG-000555;KSM-SYN-REG-000555;переход;эксцентрический;Переход эксцентрический 426x12-325x10 09Г2С;Переход эксцентрический 426x12-325x10 09Г2С;;;;426;325;;40;09Г2С;К52;газ с H2S и CO2;requires_tu_lnd_passport;;;True;True;УХЛ;ГОСТ 17378-2001;ГОСТ 17378-2001;65;pcs;True
SYN-REG-CARD-000556;MTR-SYN-REG-000556;KSM-SYN-REG-000556;переход;концентрический;Переход концентрический 89x4-57x3 13ХФА;Переход концентрический 89x4-57x3 13ХФА;;;;89;57;;16;13ХФА;К52;нефть;requires_project_and_passport;;;False;;ХЛ;ГОСТ 17378-2001;ГОСТ 17378-2001;30;pcs;True
SYN-REG-CARD-000557;MTR-SYN-REG-000557;KSM-SYN-REG-000557;переход;концентрический;Переход концентрический 133x5-89x4 13ХФА;Переход концентрический 133x5-89x4 13ХФА;;;;133;89;;160;13ХФА;К56;природный газ;requires_project_and_passport;;;False;True;У;ГОСТ 17378-2001;ГОСТ 17378-2001;71;pcs;True
SYN-REG-CARD-000558;MTR-SYN-REG-000558;KSM-SYN-REG-000558;переход;концентрический;Переход концентрический 89x4-57x3 09Г2С;Переход концентрический 89x4-57x3 09Г2С;;;;89;57;;100;09Г2С;К52;газ с H2S;requires_tu_lnd_passport;;;True;True;УХЛ;ГОСТ 17378-2001;ГОСТ 17378-2001;74;pcs;True
SYN-REG-CARD-000559;MTR-SYN-REG-000559;KSM-SYN-REG-000559;переход;концентрический;Переход концентрический 273x10-219x8 20;Переход концентрический 273x10-219x8 20;;;;273;219;;40;20;К48;коррозионно-активная среда;requires_tu_lnd_passport;;;False;;У;ГОСТ 17378-2001;ГОСТ 17378-2001;20;pcs;True
SYN-REG-CARD-000560;MTR-SYN-REG-000560;KSM-SYN-REG-000560;переход;концентрический;Переход концентрический 219x8-159x6 13ХФА;Переход концентрический 219x8-159x6 13ХФА;;;;219;159;;100;13ХФА;К52;газ с H2S и CO2;requires_tu_lnd_passport;;;True;True;УХЛ;ГОСТ 17378-2001;ГОСТ 17378-2001;14;pcs;True
SYN-REG-CARD-000561;MTR-SYN-REG-000561;KSM-SYN-REG-000561;переход;концентрический;Переход концентрический 325x10-219x8 13ХФА;Переход концентрический 325x10-219x8 13ХФА;;;;325;219;;63;13ХФА;К52;нефть;requires_project_and_passport;;;True;False;УХЛ;ГОСТ 17378-2001;ГОСТ 17378-2001;40;pcs;True
SYN-REG-CARD-000562;MTR-SYN-REG-000562;KSM-SYN-REG-000562;переход;эксцентрический;Переход эксцентрический 325x10-219x8 09Г2С;Переход эксцентрический 325x10-219x8 09Г2С;;;;325;219;;16;09Г2С;К48;нефть;requires_project_and_passport;;;True;True;УХЛ;ГОСТ 17378-2001;ГОСТ 17378-2001;1;pcs;True
SYN-REG-CARD-000563;MTR-SYN-REG-000563;KSM-SYN-REG-000563;переход;эксцентрический;Переход эксцентрический 273x10-219x8 09Г2С;Переход эксцентрический 273x10-219x8 09Г2С;;;;273;219;;40;09Г2С;К56;газ с CO2;requires_tu_lnd_passport;;;True;True;У;ГОСТ 17378-2001;ГОСТ 17378-2001;49;pcs;True
SYN-REG-CARD-000564;MTR-SYN-REG-000564;KSM-SYN-REG-000564;переход;концентрический;Переход концентрический 89x4-57x3 09ГСФ;Переход концентрический 89x4-57x3 09ГСФ;;;;89;57;;25;09ГСФ;К52;газ с H2S;requires_tu_lnd_passport;;;False;False;УХЛ;ГОСТ 17378-2001;ГОСТ 17378-2001;73;pcs;True
SYN-REG-CARD-000565;MTR-SYN-REG-000565;KSM-SYN-REG-000565;переход;концентрический;Переход концентрический 426x12-325x10 20;Переход концентрический 426x12-325x10 20;;;;426;325;;63;20;К56;техническая вода;requires_project_and_passport;;;False;True;ХЛ;ГОСТ 17378-2001;ГОСТ 17378-2001;28;pcs;True
SYN-REG-CARD-000566;MTR-SYN-REG-000566;KSM-SYN-REG-000566;переход;эксцентрический;Переход эксцентрический 426x12-325x10 09Г2С;Переход эксцентрический 426x12-325x10 09Г2С;;;;426;325;;100;09Г2С;К56;газ с H2S;requires_tu_lnd_passport;;;True;True;УХЛ;ГОСТ 17378-2001;ГОСТ 17378-2001;74;pcs;True
SYN-REG-CARD-000567;MTR-SYN-REG-000567;KSM-SYN-REG-000567;переход;концентрический;Переход концентрический 133x5-89x4 09Г2С;Переход концентрический 133x5-89x4 09Г2С;;;;133;89;;25;09Г2С;К48;природный газ;requires_project_and_passport;;;;True;У;ГОСТ 17378-2001;ГОСТ 17378-2001;80;pcs;True
SYN-REG-CARD-000568;MTR-SYN-REG-000568;KSM-SYN-REG-000568;переход;концентрический;Переход концентрический 325x10-219x8 20;Переход концентрический 325x10-219x8 20;;;;325;219;;25;20;К42;газ с H2S;requires_tu_lnd_passport;;;True;;ХЛ;ГОСТ 17378-2001;ГОСТ 17378-2001;60;pcs;True
SYN-REG-CARD-000569;MTR-SYN-REG-000569;KSM-SYN-REG-000569;переход;концентрический;Переход концентрический 76x4-57x3 13ХФА;Переход концентрический 76x4-57x3 13ХФА;;;;76;57;;160;13ХФА;К42;техническая вода;requires_project_and_passport;;;True;True;УХЛ;ГОСТ 17378-2001;ГОСТ 17378-2001;63;pcs;True
SYN-REG-CARD-000570;MTR-SYN-REG-000570;KSM-SYN-REG-000570;переход;эксцентрический;Переход эксцентрический 76x4-57x3 13ХФА;Переход эксцентрический 76x4-57x3 13ХФА;;;;76;57;;25;13ХФА;К48;газ с H2S и CO2;requires_tu_lnd_passport;;;;False;У;ГОСТ 17378-2001;ГОСТ 17378-2001;72;pcs;True
SYN-REG-CARD-000571;MTR-SYN-REG-000571;KSM-SYN-REG-000571;переход;эксцентрический;Переход эксцентрический 89x4-57x3 20;Переход эксцентрический 89x4-57x3 20;;;;89;57;;40;20;К42;газ с CO2;requires_tu_lnd_passport;;;False;True;ХЛ;ГОСТ 17378-2001;ГОСТ 17378-2001;13;pcs;True
SYN-REG-CARD-000572;MTR-SYN-REG-000572;KSM-SYN-REG-000572;переход;концентрический;Переход концентрический 426x12-325x10 20;Переход концентрический 426x12-325x10 20;;;;426;325;;25;20;К56;природный газ;requires_project_and_passport;;;False;True;ХЛ;ГОСТ 17378-2001;ГОСТ 17378-2001;73;pcs;True
SYN-REG-CARD-000573;MTR-SYN-REG-000573;KSM-SYN-REG-000573;переход;концентрический;Переход концентрический 426x12-325x10 13ХФА;Переход концентрический 426x12-325x10 13ХФА;;;;426;325;;160;13ХФА;К48;техническая вода;requires_project_and_passport;;;False;False;УХЛ;ГОСТ 17378-2001;ГОСТ 17378-2001;76;pcs;True
SYN-REG-CARD-000574;MTR-SYN-REG-000574;KSM-SYN-REG-000574;переход;концентрический;Переход концентрический 426x12-325x10 09Г2С;Переход концентрический 426x12-325x10 09Г2С;;;;426;325;;160;09Г2С;К48;газ с H2S;requires_tu_lnd_passport;;;True;False;УХЛ;ГОСТ 17378-2001;ГОСТ 17378-2001;10;pcs;True
SYN-REG-CARD-000575;MTR-SYN-REG-000575;KSM-SYN-REG-000575;переход;эксцентрический;Переход эксцентрический 108x4-76x4 13ХФА;Переход эксцентрический 108x4-76x4 13ХФА;;;;108;76;;100;13ХФА;К42;природный газ;requires_project_and_passport;;;;True;У;ГОСТ 17378-2001;ГОСТ 17378-2001;59;pcs;True
SYN-REG-CARD-000576;MTR-SYN-REG-000576;KSM-SYN-REG-000576;переход;эксцентрический;Переход эксцентрический 219x8-159x6 09ГСФ;Переход эксцентрический 219x8-159x6 09ГСФ;;;;219;159;;63;09ГСФ;К48;газ с H2S и CO2;requires_tu_lnd_passport;;;False;True;У;ГОСТ 17378-2001;ГОСТ 17378-2001;6;pcs;True
SYN-REG-CARD-000577;MTR-SYN-REG-000577;KSM-SYN-REG-000577;переход;концентрический;Переход концентрический 219x8-159x6 20;Переход концентрический 219x8-159x6 20;;;;219;159;;160;20;К52;газ с CO2;requires_tu_lnd_passport;;;False;True;УХЛ;ГОСТ 17378-2001;ГОСТ 17378-2001;16;pcs;True
SYN-REG-CARD-000578;MTR-SYN-REG-000578;KSM-SYN-REG-000578;переход;концентрический;Переход концентрический 426x12-325x10 09Г2С;Переход концентрический 426x12-325x10 09Г2С;;;;426;325;;100;09Г2С;К48;техническая вода;requires_project_and_passport;;;;False;ХЛ;ГОСТ 17378-2001;ГОСТ 17378-2001;69;pcs;True
SYN-REG-CARD-000579;MTR-SYN-REG-000579;KSM-SYN-REG-000579;переход;концентрический;Переход концентрический 219x8-159x6 09Г2С;Переход концентрический 219x8-159x6 09Г2С;;;;219;159;;40;09Г2С;К56;техническая вода;requires_project_and_passport;;;False;True;У;ГОСТ 17378-2001;ГОСТ 17378-2001;48;pcs;True
SYN-REG-CARD-000580;MTR-SYN-REG-000580;KSM-SYN-REG-000580;переход;концентрический;Переход концентрический 76x4-57x3 09ГСФ;Переход концентрический 76x4-57x3 09ГСФ;;;;76;57;;16;09ГСФ;К52;коррозионно-активная среда;requires_tu_lnd_passport;;;False;True;ХЛ;ГОСТ 17378-2001;ГОСТ 17378-2001;47;pcs;True
SYN-REG-CARD-000581;MTR-SYN-REG-000581;KSM-SYN-REG-000581;переход;эксцентрический;Переход эксцентрический 108x4-76x4 13ХФА;Переход эксцентрический 108x4-76x4 13ХФА;;;;108;76;;160;13ХФА;К48;техническая вода;requires_project_and_passport;;;True;False;ХЛ;ГОСТ 17378-2001;ГОСТ 17378-2001;5;pcs;True
SYN-REG-CARD-000582;MTR-SYN-REG-000582;KSM-SYN-REG-000582;переход;эксцентрический;Переход эксцентрический 133x5-89x4 09ГСФ;Переход эксцентрический 133x5-89x4 09ГСФ;;;;133;89;;100;09ГСФ;К42;газ с H2S;requires_tu_lnd_passport;;;True;False;ХЛ;ГОСТ 17378-2001;ГОСТ 17378-2001;6;pcs;True
SYN-REG-CARD-000583;MTR-SYN-REG-000583;KSM-SYN-REG-000583;переход;концентрический;Переход концентрический 273x10-219x8 09Г2С;Переход концентрический 273x10-219x8 09Г2С;;;;273;219;;100;09Г2С;К52;газ с H2S и CO2;requires_tu_lnd_passport;;;True;True;ХЛ;ГОСТ 17378-2001;ГОСТ 17378-2001;15;pcs;True
SYN-REG-CARD-000584;MTR-SYN-REG-000584;KSM-SYN-REG-000584;переход;концентрический;Переход концентрический 89x4-57x3 09Г2С;Переход концентрический 89x4-57x3 09Г2С;;;;89;57;;100;09Г2С;К52;газ с CO2;requires_tu_lnd_passport;;;False;True;ХЛ;ГОСТ 17378-2001;ГОСТ 17378-2001;62;pcs;True
SYN-REG-CARD-000585;MTR-SYN-REG-000585;KSM-SYN-REG-000585;переход;концентрический;Переход концентрический 89x4-57x3 13ХФА;Переход концентрический 89x4-57x3 13ХФА;;;;89;57;;100;13ХФА;К42;нефть;requires_project_and_passport;;;True;True;ХЛ;ГОСТ 17378-2001;ГОСТ 17378-2001;56;pcs;True
SYN-REG-CARD-000586;MTR-SYN-REG-000586;KSM-SYN-REG-000586;переход;концентрический;Переход концентрический 273x10-219x8 09ГСФ;Переход концентрический 273x10-219x8 09ГСФ;;;;273;219;;63;09ГСФ;К52;газ с H2S;requires_tu_lnd_passport;;;False;False;У;ГОСТ 17378-2001;ГОСТ 17378-2001;57;pcs;True
SYN-REG-CARD-000587;MTR-SYN-REG-000587;KSM-SYN-REG-000587;переход;концентрический;Переход концентрический 89x4-57x3 09Г2С;Переход концентрический 89x4-57x3 09Г2С;;;;89;57;;100;09Г2С;К56;природный газ;requires_project_and_passport;;;False;True;ХЛ;ГОСТ 17378-2001;ГОСТ 17378-2001;47;pcs;True
SYN-REG-CARD-000588;MTR-SYN-REG-000588;KSM-SYN-REG-000588;переход;эксцентрический;Переход эксцентрический 426x12-325x10 09Г2С;Переход эксцентрический 426x12-325x10 09Г2С;;;;426;325;;100;09Г2С;К52;газ с H2S;requires_tu_lnd_passport;;;False;;ХЛ;ГОСТ 17378-2001;ГОСТ 17378-2001;61;pcs;True
SYN-REG-CARD-000589;MTR-SYN-REG-000589;KSM-SYN-REG-000589;переход;эксцентрический;Переход эксцентрический 325x10-219x8 20;Переход эксцентрический 325x10-219x8 20;;;;325;219;;100;20;К48;нефть;requires_project_and_passport;;;False;True;У;ГОСТ 17378-2001;ГОСТ 17378-2001;21;pcs;True
SYN-REG-CARD-000590;MTR-SYN-REG-000590;KSM-SYN-REG-000590;переход;концентрический;Переход концентрический 159x6-108x4 20;Переход концентрический 159x6-108x4 20;;;;159;108;;63;20;К52;газ с CO2;requires_tu_lnd_passport;;;True;True;У;ГОСТ 17378-2001;ГОСТ 17378-2001;6;pcs;True
SYN-REG-CARD-000591;MTR-SYN-REG-000591;KSM-SYN-REG-000591;задвижка;клиновая;Задвижка клиновая DN80 PN25;Задвижка клиновая DN80 PN25;80;;;;;;25;09ГСФ;;природный газ;requires_project_and_passport;;;True;True;УХЛ;ГОСТ 5762-2002;ГОСТ 5762-2002;4;pcs;True
SYN-REG-CARD-000592;MTR-SYN-REG-000592;KSM-SYN-REG-000592;задвижка;клиновая;Задвижка клиновая DN300 PN160;Задвижка клиновая DN300 PN160;300;;;;;;160;09Г2С;;природный газ;requires_project_and_passport;;;;True;У;ГОСТ 5762-2002;ГОСТ 5762-2002;25;pcs;True
SYN-REG-CARD-000593;MTR-SYN-REG-000593;KSM-SYN-REG-000593;задвижка;шиберная;Задвижка шиберная DN50 PN16;Задвижка шиберная DN50 PN16;50;;;;;;16;09ГСФ;;газ с H2S;requires_tu_lnd_passport;;;True;False;У;ГОСТ 5762-2002;ГОСТ 5762-2002;38;pcs;True
SYN-REG-CARD-000594;MTR-SYN-REG-000594;KSM-SYN-REG-000594;задвижка;шиберная;Задвижка шиберная DN250 PN100;Задвижка шиберная DN250 PN100;250;;;;;;100;09Г2С;;газ с H2S и CO2;requires_tu_lnd_passport;;;;False;УХЛ;ГОСТ 5762-2002;ГОСТ 5762-2002;50;pcs;True
SYN-REG-CARD-000595;MTR-SYN-REG-000595;KSM-SYN-REG-000595;задвижка;клиновая;Задвижка клиновая DN150 PN40;Задвижка клиновая DN150 PN40;150;;;;;;40;20;;техническая вода;requires_project_and_passport;;;False;True;У;ГОСТ 5762-2002;ГОСТ 5762-2002;11;pcs;True
SYN-REG-CARD-000596;MTR-SYN-REG-000596;KSM-SYN-REG-000596;задвижка;клиновая;Задвижка клиновая DN80 PN25;Задвижка клиновая DN80 PN25;80;;;;;;25;13ХФА;;нефть;requires_project_and_passport;;;True;True;УХЛ;ГОСТ 5762-2002;ГОСТ 5762-2002;14;pcs;True
SYN-REG-CARD-000597;MTR-SYN-REG-000597;KSM-SYN-REG-000597;задвижка;шиберная;Задвижка шиберная DN80 PN25;Задвижка шиберная DN80 PN25;80;;;;;;25;09Г2С;;техническая вода;requires_project_and_passport;;;False;True;ХЛ;ГОСТ 5762-2002;ГОСТ 5762-2002;61;pcs;True
SYN-REG-CARD-000598;MTR-SYN-REG-000598;KSM-SYN-REG-000598;задвижка;шиберная;Задвижка шиберная DN100 PN40;Задвижка шиберная DN100 PN40;100;;;;;;40;09Г2С;;газ с CO2;requires_tu_lnd_passport;;;True;True;УХЛ;ГОСТ 5762-2002;ГОСТ 5762-2002;22;pcs;True
SYN-REG-CARD-000599;MTR-SYN-REG-000599;KSM-SYN-REG-000599;задвижка;шиберная;Задвижка шиберная DN50 PN16;Задвижка шиберная DN50 PN16;50;;;;;;16;09ГСФ;;коррозионно-активная среда;requires_tu_lnd_passport;;;False;True;ХЛ;ГОСТ 5762-2002;ГОСТ 5762-2002;72;pcs;True
SYN-REG-CARD-000600;MTR-SYN-REG-000600;KSM-SYN-REG-000600;задвижка;клиновая;Задвижка клиновая DN25 PN16;Задвижка клиновая DN25 PN16;25;;;;;;16;09Г2С;;газ с CO2;requires_tu_lnd_passport;;;False;True;ХЛ;ГОСТ 5762-2002;ГОСТ 5762-2002;15;pcs;True
SYN-REG-CARD-000601;MTR-SYN-REG-000601;KSM-SYN-REG-000601;задвижка;клиновая;Задвижка клиновая DN250 PN100;Задвижка клиновая DN250 PN100;250;;;;;;100;13ХФА;;газ с H2S;requires_tu_lnd_passport;;;False;True;УХЛ;ГОСТ 5762-2002;ГОСТ 5762-2002;25;pcs;True
SYN-REG-CARD-000602;MTR-SYN-REG-000602;KSM-SYN-REG-000602;задвижка;шиберная;Задвижка шиберная DN25 PN16;Задвижка шиберная DN25 PN16;25;;;;;;16;09Г2С;;техническая вода;requires_project_and_passport;;;True;False;ХЛ;ГОСТ 5762-2002;ГОСТ 5762-2002;72;pcs;True
SYN-REG-CARD-000603;MTR-SYN-REG-000603;KSM-SYN-REG-000603;задвижка;клиновая;Задвижка клиновая DN150 PN40;Задвижка клиновая DN150 PN40;150;;;;;;40;20;;газ с CO2;requires_tu_lnd_passport;;;;False;У;ГОСТ 5762-2002;ГОСТ 5762-2002;20;pcs;True
SYN-REG-CARD-000604;MTR-SYN-REG-000604;KSM-SYN-REG-000604;задвижка;клиновая;Задвижка клиновая DN50 PN16;Задвижка клиновая DN50 PN16;50;;;;;;16;09ГСФ;;коррозионно-активная среда;requires_tu_lnd_passport;;;True;True;ХЛ;ГОСТ 5762-2002;ГОСТ 5762-2002;23;pcs;True
SYN-REG-CARD-000605;MTR-SYN-REG-000605;KSM-SYN-REG-000605;задвижка;клиновая;Задвижка клиновая DN300 PN160;Задвижка клиновая DN300 PN160;300;;;;;;160;20;;нефть;requires_project_and_passport;;;False;;УХЛ;ГОСТ 5762-2002;ГОСТ 5762-2002;37;pcs;True
SYN-REG-CARD-000606;MTR-SYN-REG-000606;KSM-SYN-REG-000606;задвижка;шиберная;Задвижка шиберная DN100 PN40;Задвижка шиберная DN100 PN40;100;;;;;;40;09ГСФ;;природный газ;requires_project_and_passport;;;False;False;ХЛ;ГОСТ 5762-2002;ГОСТ 5762-2002;10;pcs;True
SYN-REG-CARD-000607;MTR-SYN-REG-000607;KSM-SYN-REG-000607;задвижка;клиновая;Задвижка клиновая DN250 PN100;Задвижка клиновая DN250 PN100;250;;;;;;100;13ХФА;;газ с H2S;requires_tu_lnd_passport;;;False;True;У;ГОСТ 5762-2002;ГОСТ 5762-2002;42;pcs;True
SYN-REG-CARD-000608;MTR-SYN-REG-000608;KSM-SYN-REG-000608;задвижка;клиновая;Задвижка клиновая DN50 PN16;Задвижка клиновая DN50 PN16;50;;;;;;16;13ХФА;;газ с H2S;requires_tu_lnd_passport;;;False;True;У;ГОСТ 5762-2002;ГОСТ 5762-2002;29;pcs;True
SYN-REG-CARD-000609;MTR-SYN-REG-000609;KSM-SYN-REG-000609;задвижка;шиберная;Задвижка шиберная DN50 PN16;Задвижка шиберная DN50 PN16;50;;;;;;16;13ХФА;;природный газ;requires_project_and_passport;;;False;True;ХЛ;ГОСТ 5762-2002;ГОСТ 5762-2002;80;pcs;True
SYN-REG-CARD-000610;MTR-SYN-REG-000610;KSM-SYN-REG-000610;задвижка;клиновая;Задвижка клиновая DN80 PN25;Задвижка клиновая DN80 PN25;80;;;;;;25;20;;коррозионно-активная среда;requires_tu_lnd_passport;;;True;False;ХЛ;ГОСТ 5762-2002;ГОСТ 5762-2002;26;pcs;True
SYN-REG-CARD-000611;MTR-SYN-REG-000611;KSM-SYN-REG-000611;задвижка;клиновая;Задвижка клиновая DN300 PN160;Задвижка клиновая DN300 PN160;300;;;;;;160;09ГСФ;;газ с CO2;requires_tu_lnd_passport;;;False;;УХЛ;ГОСТ 5762-2002;ГОСТ 5762-2002;65;pcs;True
SYN-REG-CARD-000612;MTR-SYN-REG-000612;KSM-SYN-REG-000612;задвижка;клиновая;Задвижка клиновая DN400 PN160;Задвижка клиновая DN400 PN160;400;;;;;;160;09ГСФ;;газ с H2S;requires_tu_lnd_passport;;;False;True;У;ГОСТ 5762-2002;ГОСТ 5762-2002;41;pcs;True
SYN-REG-CARD-000613;MTR-SYN-REG-000613;KSM-SYN-REG-000613;задвижка;клиновая;Задвижка клиновая DN50 PN16;Задвижка клиновая DN50 PN16;50;;;;;;16;09Г2С;;газ с H2S;requires_tu_lnd_passport;;;True;;ХЛ;ГОСТ 5762-2002;ГОСТ 5762-2002;80;pcs;True
SYN-REG-CARD-000614;MTR-SYN-REG-000614;KSM-SYN-REG-000614;задвижка;клиновая;Задвижка клиновая DN400 PN160;Задвижка клиновая DN400 PN160;400;;;;;;160;13ХФА;;нефть;requires_project_and_passport;;;False;True;У;ГОСТ 5762-2002;ГОСТ 5762-2002;51;pcs;True
SYN-REG-CARD-000615;MTR-SYN-REG-000615;KSM-SYN-REG-000615;задвижка;клиновая;Задвижка клиновая DN150 PN40;Задвижка клиновая DN150 PN40;150;;;;;;40;09ГСФ;;газ с H2S и CO2;requires_tu_lnd_passport;;;True;True;УХЛ;ГОСТ 5762-2002;ГОСТ 5762-2002;77;pcs;True
SYN-REG-CARD-000616;MTR-SYN-REG-000616;KSM-SYN-REG-000616;задвижка;клиновая;Задвижка клиновая DN80 PN25;Задвижка клиновая DN80 PN25;80;;;;;;25;09ГСФ;;газ с CO2;requires_tu_lnd_passport;;;;False;УХЛ;ГОСТ 5762-2002;ГОСТ 5762-2002;8;pcs;True
SYN-REG-CARD-000617;MTR-SYN-REG-000617;KSM-SYN-REG-000617;задвижка;клиновая;Задвижка клиновая DN300 PN160;Задвижка клиновая DN300 PN160;300;;;;;;160;13ХФА;;коррозионно-активная среда;requires_tu_lnd_passport;;;False;True;УХЛ;ГОСТ 5762-2002;ГОСТ 5762-2002;8;pcs;True
SYN-REG-CARD-000618;MTR-SYN-REG-000618;KSM-SYN-REG-000618;задвижка;клиновая;Задвижка клиновая DN25 PN16;Задвижка клиновая DN25 PN16;25;;;;;;16;20;;газ с CO2;requires_tu_lnd_passport;;;True;True;ХЛ;ГОСТ 5762-2002;ГОСТ 5762-2002;9;pcs;True
SYN-REG-CARD-000619;MTR-SYN-REG-000619;KSM-SYN-REG-000619;задвижка;клиновая;Задвижка клиновая DN300 PN160;Задвижка клиновая DN300 PN160;300;;;;;;160;13ХФА;;газ с H2S и CO2;requires_tu_lnd_passport;;;False;True;ХЛ;ГОСТ 5762-2002;ГОСТ 5762-2002;68;pcs;True
SYN-REG-CARD-000620;MTR-SYN-REG-000620;KSM-SYN-REG-000620;задвижка;шиберная;Задвижка шиберная DN400 PN160;Задвижка шиберная DN400 PN160;400;;;;;;160;13ХФА;;газ с CO2;requires_tu_lnd_passport;;;;True;УХЛ;ГОСТ 5762-2002;ГОСТ 5762-2002;13;pcs;True
SYN-REG-CARD-000621;MTR-SYN-REG-000621;KSM-SYN-REG-000621;задвижка;клиновая;Задвижка клиновая DN50 PN16;Задвижка клиновая DN50 PN16;50;;;;;;16;20;;природный газ;requires_project_and_passport;;;;True;ХЛ;ГОСТ 5762-2002;ГОСТ 5762-2002;13;pcs;True
SYN-REG-CARD-000622;MTR-SYN-REG-000622;KSM-SYN-REG-000622;задвижка;клиновая;Задвижка клиновая DN25 PN16;Задвижка клиновая DN25 PN16;25;;;;;;16;20;;газ с H2S и CO2;requires_tu_lnd_passport;;;True;True;ХЛ;ГОСТ 5762-2002;ГОСТ 5762-2002;29;pcs;True
SYN-REG-CARD-000623;MTR-SYN-REG-000623;KSM-SYN-REG-000623;задвижка;клиновая;Задвижка клиновая DN200 PN63;Задвижка клиновая DN200 PN63;200;;;;;;63;09ГСФ;;природный газ;requires_project_and_passport;;;;True;ХЛ;ГОСТ 5762-2002;ГОСТ 5762-2002;48;pcs;True
SYN-REG-CARD-000624;MTR-SYN-REG-000624;KSM-SYN-REG-000624;задвижка;шиберная;Задвижка шиберная DN400 PN160;Задвижка шиберная DN400 PN160;400;;;;;;160;13ХФА;;газ с H2S;requires_tu_lnd_passport;;;True;True;УХЛ;ГОСТ 5762-2002;ГОСТ 5762-2002;22;pcs;True
SYN-REG-CARD-000625;MTR-SYN-REG-000625;KSM-SYN-REG-000625;задвижка;клиновая;Задвижка клиновая DN50 PN16;Задвижка клиновая DN50 PN16;50;;;;;;16;13ХФА;;нефть;requires_project_and_passport;;;False;False;У;ГОСТ 5762-2002;ГОСТ 5762-2002;58;pcs;True
SYN-REG-CARD-000626;MTR-SYN-REG-000626;KSM-SYN-REG-000626;задвижка;клиновая;Задвижка клиновая DN200 PN63;Задвижка клиновая DN200 PN63;200;;;;;;63;20;;газ с CO2;requires_tu_lnd_passport;;;True;False;УХЛ;ГОСТ 5762-2002;ГОСТ 5762-2002;9;pcs;True
SYN-REG-CARD-000627;MTR-SYN-REG-000627;KSM-SYN-REG-000627;задвижка;шиберная;Задвижка шиберная DN300 PN160;Задвижка шиберная DN300 PN160;300;;;;;;160;09ГСФ;;газ с CO2;requires_tu_lnd_passport;;;False;True;ХЛ;ГОСТ 5762-2002;ГОСТ 5762-2002;12;pcs;True
SYN-REG-CARD-000628;MTR-SYN-REG-000628;KSM-SYN-REG-000628;задвижка;клиновая;Задвижка клиновая DN250 PN100;Задвижка клиновая DN250 PN100;250;;;;;;100;13ХФА;;техническая вода;requires_project_and_passport;;;False;True;У;ГОСТ 5762-2002;ГОСТ 5762-2002;71;pcs;True
SYN-REG-CARD-000629;MTR-SYN-REG-000629;KSM-SYN-REG-000629;задвижка;клиновая;Задвижка клиновая DN80 PN25;Задвижка клиновая DN80 PN25;80;;;;;;25;09ГСФ;;газ с H2S и CO2;requires_tu_lnd_passport;;;True;;ХЛ;ГОСТ 5762-2002;ГОСТ 5762-2002;56;pcs;True
SYN-REG-CARD-000630;MTR-SYN-REG-000630;KSM-SYN-REG-000630;задвижка;шиберная;Задвижка шиберная DN300 PN160;Задвижка шиберная DN300 PN160;300;;;;;;160;13ХФА;;коррозионно-активная среда;requires_tu_lnd_passport;;;True;True;УХЛ;ГОСТ 5762-2002;ГОСТ 5762-2002;51;pcs;True
SYN-REG-CARD-000631;MTR-SYN-REG-000631;KSM-SYN-REG-000631;задвижка;клиновая;Задвижка клиновая DN50 PN16;Задвижка клиновая DN50 PN16;50;;;;;;16;13ХФА;;газ с CO2;requires_tu_lnd_passport;;;False;False;У;ГОСТ 5762-2002;ГОСТ 5762-2002;58;pcs;True
SYN-REG-CARD-000632;MTR-SYN-REG-000632;KSM-SYN-REG-000632;задвижка;шиберная;Задвижка шиберная DN200 PN63;Задвижка шиберная DN200 PN63;200;;;;;;63;20;;газ с CO2;requires_tu_lnd_passport;;;False;;ХЛ;ГОСТ 5762-2002;ГОСТ 5762-2002;49;pcs;True
SYN-REG-CARD-000633;MTR-SYN-REG-000633;KSM-SYN-REG-000633;задвижка;шиберная;Задвижка шиберная DN250 PN100;Задвижка шиберная DN250 PN100;250;;;;;;100;20;;нефть;requires_project_and_passport;;;True;False;У;ГОСТ 5762-2002;ГОСТ 5762-2002;2;pcs;True
SYN-REG-CARD-000634;MTR-SYN-REG-000634;KSM-SYN-REG-000634;задвижка;шиберная;Задвижка шиберная DN200 PN63;Задвижка шиберная DN200 PN63;200;;;;;;63;13ХФА;;газ с H2S;requires_tu_lnd_passport;;;False;True;У;ГОСТ 5762-2002;ГОСТ 5762-2002;6;pcs;True
SYN-REG-CARD-000635;MTR-SYN-REG-000635;KSM-SYN-REG-000635;задвижка;шиберная;Задвижка шиберная DN50 PN16;Задвижка шиберная DN50 PN16;50;;;;;;16;09Г2С;;природный газ;requires_project_and_passport;;;;True;УХЛ;ГОСТ 5762-2002;ГОСТ 5762-2002;63;pcs;True
SYN-REG-CARD-000636;MTR-SYN-REG-000636;KSM-SYN-REG-000636;задвижка;шиберная;Задвижка шиберная DN50 PN16;Задвижка шиберная DN50 PN16;50;;;;;;16;09ГСФ;;природный газ;requires_project_and_passport;;;False;;ХЛ;ГОСТ 5762-2002;ГОСТ 5762-2002;65;pcs;True
SYN-REG-CARD-000637;MTR-SYN-REG-000637;KSM-SYN-REG-000637;задвижка;шиберная;Задвижка шиберная DN500 PN250;Задвижка шиберная DN500 PN250;500;;;;;;250;20;;газ с H2S;requires_tu_lnd_passport;;;False;True;УХЛ;ГОСТ 5762-2002;ГОСТ 5762-2002;56;pcs;True
SYN-REG-CARD-000638;MTR-SYN-REG-000638;KSM-SYN-REG-000638;задвижка;клиновая;Задвижка клиновая DN400 PN160;Задвижка клиновая DN400 PN160;400;;;;;;160;09ГСФ;;природный газ;requires_project_and_passport;;;False;True;УХЛ;ГОСТ 5762-2002;ГОСТ 5762-2002;33;pcs;True
SYN-REG-CARD-000639;MTR-SYN-REG-000639;KSM-SYN-REG-000639;задвижка;клиновая;Задвижка клиновая DN25 PN16;Задвижка клиновая DN25 PN16;25;;;;;;16;09Г2С;;коррозионно-активная среда;requires_tu_lnd_passport;;;False;True;ХЛ;ГОСТ 5762-2002;ГОСТ 5762-2002;55;pcs;True
SYN-REG-CARD-000640;MTR-SYN-REG-000640;KSM-SYN-REG-000640;задвижка;шиберная;Задвижка шиберная DN400 PN160;Задвижка шиберная DN400 PN160;400;;;;;;160;20;;техническая вода;requires_project_and_passport;;;;False;УХЛ;ГОСТ 5762-2002;ГОСТ 5762-2002;38;pcs;True
SYN-REG-CARD-000641;MTR-SYN-REG-000641;KSM-SYN-REG-000641;задвижка;шиберная;Задвижка шиберная DN300 PN160;Задвижка шиберная DN300 PN160;300;;;;;;160;09Г2С;;природный газ;requires_project_and_passport;;;False;True;ХЛ;ГОСТ 5762-2002;ГОСТ 5762-2002;30;pcs;True
SYN-REG-CARD-000642;MTR-SYN-REG-000642;KSM-SYN-REG-000642;задвижка;клиновая;Задвижка клиновая DN200 PN63;Задвижка клиновая DN200 PN63;200;;;;;;63;09ГСФ;;газ с H2S;requires_tu_lnd_passport;;;False;True;УХЛ;ГОСТ 5762-2002;ГОСТ 5762-2002;48;pcs;True
SYN-REG-CARD-000643;MTR-SYN-REG-000643;KSM-SYN-REG-000643;задвижка;шиберная;Задвижка шиберная DN80 PN25;Задвижка шиберная DN80 PN25;80;;;;;;25;09ГСФ;;газ с H2S;requires_tu_lnd_passport;;;False;True;ХЛ;ГОСТ 5762-2002;ГОСТ 5762-2002;69;pcs;True
SYN-REG-CARD-000644;MTR-SYN-REG-000644;KSM-SYN-REG-000644;задвижка;шиберная;Задвижка шиберная DN400 PN160;Задвижка шиберная DN400 PN160;400;;;;;;160;13ХФА;;коррозионно-активная среда;requires_tu_lnd_passport;;;False;;УХЛ;ГОСТ 5762-2002;ГОСТ 5762-2002;28;pcs;True
SYN-REG-CARD-000645;MTR-SYN-REG-000645;KSM-SYN-REG-000645;задвижка;клиновая;Задвижка клиновая DN50 PN16;Задвижка клиновая DN50 PN16;50;;;;;;16;13ХФА;;нефть;requires_project_and_passport;;;False;True;УХЛ;ГОСТ 5762-2002;ГОСТ 5762-2002;37;pcs;True
SYN-REG-CARD-000646;MTR-SYN-REG-000646;KSM-SYN-REG-000646;задвижка;клиновая;Задвижка клиновая DN50 PN16;Задвижка клиновая DN50 PN16;50;;;;;;16;13ХФА;;газ с CO2;requires_tu_lnd_passport;;;False;True;У;ГОСТ 5762-2002;ГОСТ 5762-2002;5;pcs;True
SYN-REG-CARD-000647;MTR-SYN-REG-000647;KSM-SYN-REG-000647;задвижка;клиновая;Задвижка клиновая DN400 PN160;Задвижка клиновая DN400 PN160;400;;;;;;160;09Г2С;;техническая вода;requires_project_and_passport;;;False;True;УХЛ;ГОСТ 5762-2002;ГОСТ 5762-2002;65;pcs;True
SYN-REG-CARD-000648;MTR-SYN-REG-000648;KSM-SYN-REG-000648;задвижка;шиберная;Задвижка шиберная DN150 PN40;Задвижка шиберная DN150 PN40;150;;;;;;40;09ГСФ;;коррозионно-активная среда;requires_tu_lnd_passport;;;True;True;ХЛ;ГОСТ 5762-2002;ГОСТ 5762-2002;64;pcs;True
SYN-REG-CARD-000649;MTR-SYN-REG-000649;KSM-SYN-REG-000649;задвижка;шиберная;Задвижка шиберная DN500 PN250;Задвижка шиберная DN500 PN250;500;;;;;;250;13ХФА;;природный газ;requires_project_and_passport;;;True;True;ХЛ;ГОСТ 5762-2002;ГОСТ 5762-2002;49;pcs;True
SYN-REG-CARD-000650;MTR-SYN-REG-000650;KSM-SYN-REG-000650;задвижка;шиберная;Задвижка шиберная DN400 PN160;Задвижка шиберная DN400 PN160;400;;;;;;160;09Г2С;;газ с H2S;requires_tu_lnd_passport;;;;True;УХЛ;ГОСТ 5762-2002;ГОСТ 5762-2002;18;pcs;True
SYN-REG-CARD-000651;MTR-SYN-REG-000651;KSM-SYN-REG-000651;задвижка;клиновая;Задвижка клиновая DN100 PN40;Задвижка клиновая DN100 PN40;100;;;;;;40;20;;газ с H2S;requires_tu_lnd_passport;;;;False;У;ГОСТ 5762-2002;ГОСТ 5762-2002;4;pcs;True
SYN-REG-CARD-000652;MTR-SYN-REG-000652;KSM-SYN-REG-000652;задвижка;шиберная;Задвижка шиберная DN50 PN16;Задвижка шиберная DN50 PN16;50;;;;;;16;20;;газ с H2S;requires_tu_lnd_passport;;;False;True;УХЛ;ГОСТ 5762-2002;ГОСТ 5762-2002;54;pcs;True
SYN-REG-CARD-000653;MTR-SYN-REG-000653;KSM-SYN-REG-000653;задвижка;шиберная;Задвижка шиберная DN100 PN40;Задвижка шиберная DN100 PN40;100;;;;;;40;13ХФА;;газ с CO2;requires_tu_lnd_passport;;;True;True;ХЛ;ГОСТ 5762-2002;ГОСТ 5762-2002;20;pcs;True
SYN-REG-CARD-000654;MTR-SYN-REG-000654;KSM-SYN-REG-000654;задвижка;клиновая;Задвижка клиновая DN200 PN63;Задвижка клиновая DN200 PN63;200;;;;;;63;20;;газ с H2S и CO2;requires_tu_lnd_passport;;;True;True;У;ГОСТ 5762-2002;ГОСТ 5762-2002;4;pcs;True
SYN-REG-CARD-000655;MTR-SYN-REG-000655;KSM-SYN-REG-000655;задвижка;шиберная;Задвижка шиберная DN100 PN40;Задвижка шиберная DN100 PN40;100;;;;;;40;09Г2С;;коррозионно-активная среда;requires_tu_lnd_passport;;;False;True;ХЛ;ГОСТ 5762-2002;ГОСТ 5762-2002;16;pcs;True
SYN-REG-CARD-000656;MTR-SYN-REG-000656;KSM-SYN-REG-000656;задвижка;клиновая;Задвижка клиновая DN50 PN16;Задвижка клиновая DN50 PN16;50;;;;;;16;20;;газ с CO2;requires_tu_lnd_passport;;;False;True;ХЛ;ГОСТ 5762-2002;ГОСТ 5762-2002;45;pcs;True
SYN-REG-CARD-000657;MTR-SYN-REG-000657;KSM-SYN-REG-000657;задвижка;клиновая;Задвижка клиновая DN80 PN25;Задвижка клиновая DN80 PN25;80;;;;;;25;09Г2С;;нефть;requires_project_and_passport;;;False;True;ХЛ;ГОСТ 5762-2002;ГОСТ 5762-2002;53;pcs;True
SYN-REG-CARD-000658;MTR-SYN-REG-000658;KSM-SYN-REG-000658;задвижка;клиновая;Задвижка клиновая DN25 PN16;Задвижка клиновая DN25 PN16;25;;;;;;16;09Г2С;;газ с H2S и CO2;requires_tu_lnd_passport;;;True;False;У;ГОСТ 5762-2002;ГОСТ 5762-2002;5;pcs;True
SYN-REG-CARD-000659;MTR-SYN-REG-000659;KSM-SYN-REG-000659;задвижка;шиберная;Задвижка шиберная DN300 PN160;Задвижка шиберная DN300 PN160;300;;;;;;160;09ГСФ;;газ с CO2;requires_tu_lnd_passport;;;False;;ХЛ;ГОСТ 5762-2002;ГОСТ 5762-2002;2;pcs;True
SYN-REG-CARD-000660;MTR-SYN-REG-000660;KSM-SYN-REG-000660;задвижка;шиберная;Задвижка шиберная DN50 PN16;Задвижка шиберная DN50 PN16;50;;;;;;16;20;;техническая вода;requires_project_and_passport;;;True;True;ХЛ;ГОСТ 5762-2002;ГОСТ 5762-2002;24;pcs;True
SYN-REG-CARD-000661;MTR-SYN-REG-000661;KSM-SYN-REG-000661;задвижка;шиберная;Задвижка шиберная DN150 PN40;Задвижка шиберная DN150 PN40;150;;;;;;40;20;;газ с H2S;requires_tu_lnd_passport;;;;;УХЛ;ГОСТ 5762-2002;ГОСТ 5762-2002;33;pcs;True
SYN-REG-CARD-000662;MTR-SYN-REG-000662;KSM-SYN-REG-000662;задвижка;клиновая;Задвижка клиновая DN300 PN160;Задвижка клиновая DN300 PN160;300;;;;;;160;09Г2С;;техническая вода;requires_project_and_passport;;;False;True;ХЛ;ГОСТ 5762-2002;ГОСТ 5762-2002;53;pcs;True
SYN-REG-CARD-000663;MTR-SYN-REG-000663;KSM-SYN-REG-000663;задвижка;клиновая;Задвижка клиновая DN50 PN16;Задвижка клиновая DN50 PN16;50;;;;;;16;20;;природный газ;requires_project_and_passport;;;False;True;У;ГОСТ 5762-2002;ГОСТ 5762-2002;80;pcs;True
SYN-REG-CARD-000664;MTR-SYN-REG-000664;KSM-SYN-REG-000664;задвижка;шиберная;Задвижка шиберная DN400 PN160;Задвижка шиберная DN400 PN160;400;;;;;;160;20;;техническая вода;requires_project_and_passport;;;False;;УХЛ;ГОСТ 5762-2002;ГОСТ 5762-2002;38;pcs;True
SYN-REG-CARD-000665;MTR-SYN-REG-000665;KSM-SYN-REG-000665;задвижка;шиберная;Задвижка шиберная DN300 PN160;Задвижка шиберная DN300 PN160;300;;;;;;160;20;;газ с H2S;requires_tu_lnd_passport;;;False;True;У;ГОСТ 5762-2002;ГОСТ 5762-2002;5;pcs;True
SYN-REG-CARD-000666;MTR-SYN-REG-000666;KSM-SYN-REG-000666;задвижка;клиновая;Задвижка клиновая DN100 PN40;Задвижка клиновая DN100 PN40;100;;;;;;40;09ГСФ;;техническая вода;requires_project_and_passport;;;;True;У;ГОСТ 5762-2002;ГОСТ 5762-2002;15;pcs;True
SYN-REG-CARD-000667;MTR-SYN-REG-000667;KSM-SYN-REG-000667;задвижка;клиновая;Задвижка клиновая DN250 PN100;Задвижка клиновая DN250 PN100;250;;;;;;100;09ГСФ;;природный газ;requires_project_and_passport;;;True;True;УХЛ;ГОСТ 5762-2002;ГОСТ 5762-2002;49;pcs;True
SYN-REG-CARD-000668;MTR-SYN-REG-000668;KSM-SYN-REG-000668;задвижка;шиберная;Задвижка шиберная DN100 PN40;Задвижка шиберная DN100 PN40;100;;;;;;40;09Г2С;;газ с H2S и CO2;requires_tu_lnd_passport;;;False;False;УХЛ;ГОСТ 5762-2002;ГОСТ 5762-2002;19;pcs;True
SYN-REG-CARD-000669;MTR-SYN-REG-000669;KSM-SYN-REG-000669;задвижка;шиберная;Задвижка шиберная DN400 PN160;Задвижка шиберная DN400 PN160;400;;;;;;160;13ХФА;;газ с CO2;requires_tu_lnd_passport;;;False;True;УХЛ;ГОСТ 5762-2002;ГОСТ 5762-2002;48;pcs;True
SYN-REG-CARD-000670;MTR-SYN-REG-000670;KSM-SYN-REG-000670;задвижка;клиновая;Задвижка клиновая DN50 PN16;Задвижка клиновая DN50 PN16;50;;;;;;16;13ХФА;;техническая вода;requires_project_and_passport;;;True;;ХЛ;ГОСТ 5762-2002;ГОСТ 5762-2002;10;pcs;True
SYN-REG-CARD-000671;MTR-SYN-REG-000671;KSM-SYN-REG-000671;задвижка;шиберная;Задвижка шиберная DN300 PN160;Задвижка шиберная DN300 PN160;300;;;;;;160;20;;газ с H2S и CO2;requires_tu_lnd_passport;;;True;True;УХЛ;ГОСТ 5762-2002;ГОСТ 5762-2002;25;pcs;True
SYN-REG-CARD-000672;MTR-SYN-REG-000672;KSM-SYN-REG-000672;задвижка;шиберная;Задвижка шиберная DN25 PN16;Задвижка шиберная DN25 PN16;25;;;;;;16;20;;техническая вода;requires_project_and_passport;;;True;True;У;ГОСТ 5762-2002;ГОСТ 5762-2002;20;pcs;True
SYN-REG-CARD-000673;MTR-SYN-REG-000673;KSM-SYN-REG-000673;задвижка;шиберная;Задвижка шиберная DN150 PN40;Задвижка шиберная DN150 PN40;150;;;;;;40;09ГСФ;;газ с CO2;requires_tu_lnd_passport;;;True;False;У;ГОСТ 5762-2002;ГОСТ 5762-2002;78;pcs;True
SYN-REG-CARD-000674;MTR-SYN-REG-000674;KSM-SYN-REG-000674;задвижка;шиберная;Задвижка шиберная DN200 PN63;Задвижка шиберная DN200 PN63;200;;;;;;63;09ГСФ;;природный газ;requires_project_and_passport;;;False;;ХЛ;ГОСТ 5762-2002;ГОСТ 5762-2002;35;pcs;True
SYN-REG-CARD-000675;MTR-SYN-REG-000675;KSM-SYN-REG-000675;задвижка;клиновая;Задвижка клиновая DN250 PN100;Задвижка клиновая DN250 PN100;250;;;;;;100;09ГСФ;;техническая вода;requires_project_and_passport;;;True;True;ХЛ;ГОСТ 5762-2002;ГОСТ 5762-2002;61;pcs;True
SYN-REG-CARD-000676;MTR-SYN-REG-000676;KSM-SYN-REG-000676;задвижка;шиберная;Задвижка шиберная DN200 PN63;Задвижка шиберная DN200 PN63;200;;;;;;63;09ГСФ;;техническая вода;requires_project_and_passport;;;False;True;У;ГОСТ 5762-2002;ГОСТ 5762-2002;7;pcs;True
SYN-REG-CARD-000677;MTR-SYN-REG-000677;KSM-SYN-REG-000677;задвижка;шиберная;Задвижка шиберная DN250 PN100;Задвижка шиберная DN250 PN100;250;;;;;;100;13ХФА;;природный газ;requires_project_and_passport;;;True;True;УХЛ;ГОСТ 5762-2002;ГОСТ 5762-2002;64;pcs;True
SYN-REG-CARD-000678;MTR-SYN-REG-000678;KSM-SYN-REG-000678;задвижка;клиновая;Задвижка клиновая DN400 PN160;Задвижка клиновая DN400 PN160;400;;;;;;160;09ГСФ;;техническая вода;requires_project_and_passport;;;True;True;У;ГОСТ 5762-2002;ГОСТ 5762-2002;48;pcs;True
SYN-REG-CARD-000679;MTR-SYN-REG-000679;KSM-SYN-REG-000679;задвижка;клиновая;Задвижка клиновая DN500 PN250;Задвижка клиновая DN500 PN250;500;;;;;;250;20;;газ с CO2;requires_tu_lnd_passport;;;True;True;У;ГОСТ 5762-2002;ГОСТ 5762-2002;36;pcs;True
SYN-REG-CARD-000680;MTR-SYN-REG-000680;KSM-SYN-REG-000680;задвижка;клиновая;Задвижка клиновая DN400 PN160;Задвижка клиновая DN400 PN160;400;;;;;;160;09ГСФ;;газ с H2S;requires_tu_lnd_passport;;;;True;ХЛ;ГОСТ 5762-2002;ГОСТ 5762-2002;33;pcs;True
SYN-REG-CARD-000681;MTR-SYN-REG-000681;KSM-SYN-REG-000681;задвижка;клиновая;Задвижка клиновая DN200 PN63;Задвижка клиновая DN200 PN63;200;;;;;;63;09Г2С;;газ с H2S;requires_tu_lnd_passport;;;False;False;УХЛ;ГОСТ 5762-2002;ГОСТ 5762-2002;36;pcs;True
SYN-REG-CARD-000682;MTR-SYN-REG-000682;KSM-SYN-REG-000682;задвижка;клиновая;Задвижка клиновая DN250 PN100;Задвижка клиновая DN250 PN100;250;;;;;;100;09Г2С;;нефть;requires_project_and_passport;;;False;True;ХЛ;ГОСТ 5762-2002;ГОСТ 5762-2002;74;pcs;True
SYN-REG-CARD-000683;MTR-SYN-REG-000683;KSM-SYN-REG-000683;задвижка;шиберная;Задвижка шиберная DN300 PN160;Задвижка шиберная DN300 PN160;300;;;;;;160;20;;газ с H2S;requires_tu_lnd_passport;;;False;True;ХЛ;ГОСТ 5762-2002;ГОСТ 5762-2002;66;pcs;True
SYN-REG-CARD-000684;MTR-SYN-REG-000684;KSM-SYN-REG-000684;задвижка;шиберная;Задвижка шиберная DN250 PN100;Задвижка шиберная DN250 PN100;250;;;;;;100;20;;техническая вода;requires_project_and_passport;;;False;;ХЛ;ГОСТ 5762-2002;ГОСТ 5762-2002;17;pcs;True
SYN-REG-CARD-000685;MTR-SYN-REG-000685;KSM-SYN-REG-000685;задвижка;шиберная;Задвижка шиберная DN100 PN40;Задвижка шиберная DN100 PN40;100;;;;;;40;20;;газ с H2S и CO2;requires_tu_lnd_passport;;;False;True;У;ГОСТ 5762-2002;ГОСТ 5762-2002;77;pcs;True
SYN-REG-CARD-000686;MTR-SYN-REG-000686;KSM-SYN-REG-000686;задвижка;шиберная;Задвижка шиберная DN150 PN40;Задвижка шиберная DN150 PN40;150;;;;;;40;09Г2С;;газ с H2S;requires_tu_lnd_passport;;;False;True;ХЛ;ГОСТ 5762-2002;ГОСТ 5762-2002;80;pcs;True
SYN-REG-CARD-000687;MTR-SYN-REG-000687;KSM-SYN-REG-000687;задвижка;шиберная;Задвижка шиберная DN50 PN16;Задвижка шиберная DN50 PN16;50;;;;;;16;09ГСФ;;газ с H2S и CO2;requires_tu_lnd_passport;;;True;True;ХЛ;ГОСТ 5762-2002;ГОСТ 5762-2002;31;pcs;True
SYN-REG-CARD-000688;MTR-SYN-REG-000688;KSM-SYN-REG-000688;задвижка;клиновая;Задвижка клиновая DN25 PN16;Задвижка клиновая DN25 PN16;25;;;;;;16;20;;коррозионно-активная среда;requires_tu_lnd_passport;;;True;True;ХЛ;ГОСТ 5762-2002;ГОСТ 5762-2002;42;pcs;True
SYN-REG-CARD-000689;MTR-SYN-REG-000689;KSM-SYN-REG-000689;задвижка;клиновая;Задвижка клиновая DN400 PN160;Задвижка клиновая DN400 PN160;400;;;;;;160;13ХФА;;техническая вода;requires_project_and_passport;;;False;;ХЛ;ГОСТ 5762-2002;ГОСТ 5762-2002;50;pcs;True
SYN-REG-CARD-000690;MTR-SYN-REG-000690;KSM-SYN-REG-000690;задвижка;клиновая;Задвижка клиновая DN80 PN25;Задвижка клиновая DN80 PN25;80;;;;;;25;09Г2С;;газ с CO2;requires_tu_lnd_passport;;;;;УХЛ;ГОСТ 5762-2002;ГОСТ 5762-2002;25;pcs;True
SYN-REG-CARD-000691;MTR-SYN-REG-000691;KSM-SYN-REG-000691;задвижка;шиберная;Задвижка шиберная DN100 PN40;Задвижка шиберная DN100 PN40;100;;;;;;40;20;;газ с H2S и CO2;requires_tu_lnd_passport;;;True;True;ХЛ;ГОСТ 5762-2002;ГОСТ 5762-2002;37;pcs;True
SYN-REG-CARD-000692;MTR-SYN-REG-000692;KSM-SYN-REG-000692;задвижка;шиберная;Задвижка шиберная DN150 PN40;Задвижка шиберная DN150 PN40;150;;;;;;40;09ГСФ;;нефть;requires_project_and_passport;;;True;True;У;ГОСТ 5762-2002;ГОСТ 5762-2002;15;pcs;True
SYN-REG-CARD-000693;MTR-SYN-REG-000693;KSM-SYN-REG-000693;задвижка;клиновая;Задвижка клиновая DN200 PN63;Задвижка клиновая DN200 PN63;200;;;;;;63;13ХФА;;нефть;requires_project_and_passport;;;False;True;ХЛ;ГОСТ 5762-2002;ГОСТ 5762-2002;70;pcs;True
SYN-REG-CARD-000694;MTR-SYN-REG-000694;KSM-SYN-REG-000694;задвижка;шиберная;Задвижка шиберная DN400 PN160;Задвижка шиберная DN400 PN160;400;;;;;;160;09ГСФ;;техническая вода;requires_project_and_passport;;;True;True;ХЛ;ГОСТ 5762-2002;ГОСТ 5762-2002;34;pcs;True
SYN-REG-CARD-000695;MTR-SYN-REG-000695;KSM-SYN-REG-000695;задвижка;шиберная;Задвижка шиберная DN250 PN100;Задвижка шиберная DN250 PN100;250;;;;;;100;13ХФА;;техническая вода;requires_project_and_passport;;;;False;У;ГОСТ 5762-2002;ГОСТ 5762-2002;28;pcs;True
SYN-REG-CARD-000696;MTR-SYN-REG-000696;KSM-SYN-REG-000696;задвижка;шиберная;Задвижка шиберная DN50 PN16;Задвижка шиберная DN50 PN16;50;;;;;;16;09Г2С;;природный газ;requires_project_and_passport;;;True;;У;ГОСТ 5762-2002;ГОСТ 5762-2002;50;pcs;True
SYN-REG-CARD-000697;MTR-SYN-REG-000697;KSM-SYN-REG-000697;задвижка;шиберная;Задвижка шиберная DN50 PN16;Задвижка шиберная DN50 PN16;50;;;;;;16;20;;газ с H2S и CO2;requires_tu_lnd_passport;;;True;;УХЛ;ГОСТ 5762-2002;ГОСТ 5762-2002;70;pcs;True
SYN-REG-CARD-000698;MTR-SYN-REG-000698;KSM-SYN-REG-000698;задвижка;клиновая;Задвижка клиновая DN200 PN63;Задвижка клиновая DN200 PN63;200;;;;;;63;09ГСФ;;нефть;requires_project_and_passport;;;False;True;ХЛ;ГОСТ 5762-2002;ГОСТ 5762-2002;9;pcs;True
SYN-REG-CARD-000699;MTR-SYN-REG-000699;KSM-SYN-REG-000699;задвижка;клиновая;Задвижка клиновая DN500 PN250;Задвижка клиновая DN500 PN250;500;;;;;;250;13ХФА;;нефть;requires_project_and_passport;;;True;True;ХЛ;ГОСТ 5762-2002;ГОСТ 5762-2002;11;pcs;True
SYN-REG-CARD-000700;MTR-SYN-REG-000700;KSM-SYN-REG-000700;задвижка;шиберная;Задвижка шиберная DN250 PN100;Задвижка шиберная DN250 PN100;250;;;;;;100;09Г2С;;природный газ;requires_project_and_passport;;;False;True;У;ГОСТ 5762-2002;ГОСТ 5762-2002;76;pcs;True
SYN-REG-CARD-000701;MTR-SYN-REG-000701;KSM-SYN-REG-000701;задвижка;клиновая;Задвижка клиновая DN500 PN250;Задвижка клиновая DN500 PN250;500;;;;;;250;09Г2С;;газ с CO2;requires_tu_lnd_passport;;;True;True;УХЛ;ГОСТ 5762-2002;ГОСТ 5762-2002;6;pcs;True
SYN-REG-CARD-000702;MTR-SYN-REG-000702;KSM-SYN-REG-000702;задвижка;клиновая;Задвижка клиновая DN25 PN16;Задвижка клиновая DN25 PN16;25;;;;;;16;09ГСФ;;нефть;requires_project_and_passport;;;;True;У;ГОСТ 5762-2002;ГОСТ 5762-2002;35;pcs;True
SYN-REG-CARD-000703;MTR-SYN-REG-000703;KSM-SYN-REG-000703;задвижка;шиберная;Задвижка шиберная DN400 PN160;Задвижка шиберная DN400 PN160;400;;;;;;160;09ГСФ;;коррозионно-активная среда;requires_tu_lnd_passport;;;;True;УХЛ;ГОСТ 5762-2002;ГОСТ 5762-2002;16;pcs;True
SYN-REG-CARD-000704;MTR-SYN-REG-000704;KSM-SYN-REG-000704;задвижка;шиберная;Задвижка шиберная DN100 PN40;Задвижка шиберная DN100 PN40;100;;;;;;40;20;;коррозионно-активная среда;requires_tu_lnd_passport;;;False;;УХЛ;ГОСТ 5762-2002;ГОСТ 5762-2002;35;pcs;True
SYN-REG-CARD-000705;MTR-SYN-REG-000705;KSM-SYN-REG-000705;задвижка;клиновая;Задвижка клиновая DN200 PN63;Задвижка клиновая DN200 PN63;200;;;;;;63;09ГСФ;;техническая вода;requires_project_and_passport;;;False;True;У;ГОСТ 5762-2002;ГОСТ 5762-2002;7;pcs;True
SYN-REG-CARD-000706;MTR-SYN-REG-000706;KSM-SYN-REG-000706;задвижка;шиберная;Задвижка шиберная DN150 PN40;Задвижка шиберная DN150 PN40;150;;;;;;40;09ГСФ;;коррозионно-активная среда;requires_tu_lnd_passport;;;;True;ХЛ;ГОСТ 5762-2002;ГОСТ 5762-2002;24;pcs;True
SYN-REG-CARD-000707;MTR-SYN-REG-000707;KSM-SYN-REG-000707;задвижка;шиберная;Задвижка шиберная DN250 PN100;Задвижка шиберная DN250 PN100;250;;;;;;100;09Г2С;;нефть;requires_project_and_passport;;;False;True;ХЛ;ГОСТ 5762-2002;ГОСТ 5762-2002;79;pcs;True
SYN-REG-CARD-000708;MTR-SYN-REG-000708;KSM-SYN-REG-000708;задвижка;шиберная;Задвижка шиберная DN200 PN63;Задвижка шиберная DN200 PN63;200;;;;;;63;09Г2С;;газ с H2S и CO2;requires_tu_lnd_passport;;;True;True;У;ГОСТ 5762-2002;ГОСТ 5762-2002;74;pcs;True
SYN-REG-CARD-000709;MTR-SYN-REG-000709;KSM-SYN-REG-000709;задвижка;шиберная;Задвижка шиберная DN500 PN250;Задвижка шиберная DN500 PN250;500;;;;;;250;09Г2С;;техническая вода;requires_project_and_passport;;;True;;ХЛ;ГОСТ 5762-2002;ГОСТ 5762-2002;76;pcs;True
SYN-REG-CARD-000710;MTR-SYN-REG-000710;KSM-SYN-REG-000710;задвижка;клиновая;Задвижка клиновая DN100 PN40;Задвижка клиновая DN100 PN40;100;;;;;;40;09Г2С;;газ с H2S;requires_tu_lnd_passport;;;False;True;УХЛ;ГОСТ 5762-2002;ГОСТ 5762-2002;17;pcs;True
SYN-REG-CARD-000711;MTR-SYN-REG-000711;KSM-SYN-REG-000711;задвижка;шиберная;Задвижка шиберная DN500 PN250;Задвижка шиберная DN500 PN250;500;;;;;;250;09ГСФ;;газ с CO2;requires_tu_lnd_passport;;;False;True;УХЛ;ГОСТ 5762-2002;ГОСТ 5762-2002;16;pcs;True
SYN-REG-CARD-000712;MTR-SYN-REG-000712;KSM-SYN-REG-000712;задвижка;клиновая;Задвижка клиновая DN250 PN100;Задвижка клиновая DN250 PN100;250;;;;;;100;09ГСФ;;газ с H2S;requires_tu_lnd_passport;;;True;False;ХЛ;ГОСТ 5762-2002;ГОСТ 5762-2002;54;pcs;True
SYN-REG-CARD-000713;MTR-SYN-REG-000713;KSM-SYN-REG-000713;задвижка;шиберная;Задвижка шиберная DN250 PN100;Задвижка шиберная DN250 PN100;250;;;;;;100;20;;нефть;requires_project_and_passport;;;False;True;УХЛ;ГОСТ 5762-2002;ГОСТ 5762-2002;43;pcs;True
SYN-REG-CARD-000714;MTR-SYN-REG-000714;KSM-SYN-REG-000714;задвижка;шиберная;Задвижка шиберная DN200 PN63;Задвижка шиберная DN200 PN63;200;;;;;;63;09ГСФ;;газ с H2S;requires_tu_lnd_passport;;;True;True;УХЛ;ГОСТ 5762-2002;ГОСТ 5762-2002;62;pcs;True
SYN-REG-CARD-000715;MTR-SYN-REG-000715;KSM-SYN-REG-000715;задвижка;клиновая;Задвижка клиновая DN25 PN16;Задвижка клиновая DN25 PN16;25;;;;;;16;09Г2С;;коррозионно-активная среда;requires_tu_lnd_passport;;;True;True;ХЛ;ГОСТ 5762-2002;ГОСТ 5762-2002;5;pcs;True
SYN-REG-CARD-000716;MTR-SYN-REG-000716;KSM-SYN-REG-000716;задвижка;клиновая;Задвижка клиновая DN150 PN40;Задвижка клиновая DN150 PN40;150;;;;;;40;09ГСФ;;нефть;requires_project_and_passport;;;False;True;УХЛ;ГОСТ 5762-2002;ГОСТ 5762-2002;65;pcs;True
SYN-REG-CARD-000717;MTR-SYN-REG-000717;KSM-SYN-REG-000717;задвижка;клиновая;Задвижка клиновая DN500 PN250;Задвижка клиновая DN500 PN250;500;;;;;;250;09Г2С;;нефть;requires_project_and_passport;;;False;False;ХЛ;ГОСТ 5762-2002;ГОСТ 5762-2002;16;pcs;True
SYN-REG-CARD-000718;MTR-SYN-REG-000718;KSM-SYN-REG-000718;задвижка;шиберная;Задвижка шиберная DN50 PN16;Задвижка шиберная DN50 PN16;50;;;;;;16;20;;газ с CO2;requires_tu_lnd_passport;;;True;True;ХЛ;ГОСТ 5762-2002;ГОСТ 5762-2002;39;pcs;True
SYN-REG-CARD-000719;MTR-SYN-REG-000719;KSM-SYN-REG-000719;задвижка;шиберная;Задвижка шиберная DN250 PN100;Задвижка шиберная DN250 PN100;250;;;;;;100;13ХФА;;газ с H2S;requires_tu_lnd_passport;;;False;True;УХЛ;ГОСТ 5762-2002;ГОСТ 5762-2002;62;pcs;True
SYN-REG-CARD-000720;MTR-SYN-REG-000720;KSM-SYN-REG-000720;задвижка;шиберная;Задвижка шиберная DN50 PN16;Задвижка шиберная DN50 PN16;50;;;;;;16;09ГСФ;;газ с H2S;requires_tu_lnd_passport;;;False;True;УХЛ;ГОСТ 5762-2002;ГОСТ 5762-2002;3;pcs;True
SYN-REG-CARD-000721;MTR-SYN-REG-000721;KSM-SYN-REG-000721;задвижка;шиберная;Задвижка шиберная DN100 PN40;Задвижка шиберная DN100 PN40;100;;;;;;40;13ХФА;;газ с H2S;requires_tu_lnd_passport;;;False;True;У;ГОСТ 5762-2002;ГОСТ 5762-2002;41;pcs;True
SYN-REG-CARD-000722;MTR-SYN-REG-000722;KSM-SYN-REG-000722;задвижка;клиновая;Задвижка клиновая DN200 PN63;Задвижка клиновая DN200 PN63;200;;;;;;63;09Г2С;;газ с H2S и CO2;requires_tu_lnd_passport;;;False;False;У;ГОСТ 5762-2002;ГОСТ 5762-2002;12;pcs;True
SYN-REG-CARD-000723;MTR-SYN-REG-000723;KSM-SYN-REG-000723;задвижка;клиновая;Задвижка клиновая DN400 PN160;Задвижка клиновая DN400 PN160;400;;;;;;160;09Г2С;;газ с CO2;requires_tu_lnd_passport;;;True;True;ХЛ;ГОСТ 5762-2002;ГОСТ 5762-2002;20;pcs;True
SYN-REG-CARD-000724;MTR-SYN-REG-000724;KSM-SYN-REG-000724;задвижка;шиберная;Задвижка шиберная DN500 PN250;Задвижка шиберная DN500 PN250;500;;;;;;250;13ХФА;;газ с H2S и CO2;requires_tu_lnd_passport;;;False;;ХЛ;ГОСТ 5762-2002;ГОСТ 5762-2002;45;pcs;True
SYN-REG-CARD-000725;MTR-SYN-REG-000725;KSM-SYN-REG-000725;задвижка;шиберная;Задвижка шиберная DN25 PN16;Задвижка шиберная DN25 PN16;25;;;;;;16;09Г2С;;техническая вода;requires_project_and_passport;;;False;True;УХЛ;ГОСТ 5762-2002;ГОСТ 5762-2002;44;pcs;True
SYN-REG-CARD-000726;MTR-SYN-REG-000726;KSM-SYN-REG-000726;задвижка;клиновая;Задвижка клиновая DN300 PN160;Задвижка клиновая DN300 PN160;300;;;;;;160;09Г2С;;газ с H2S и CO2;requires_tu_lnd_passport;;;;True;ХЛ;ГОСТ 5762-2002;ГОСТ 5762-2002;12;pcs;True
SYN-REG-CARD-000727;MTR-SYN-REG-000727;KSM-SYN-REG-000727;задвижка;шиберная;Задвижка шиберная DN50 PN16;Задвижка шиберная DN50 PN16;50;;;;;;16;09ГСФ;;природный газ;requires_project_and_passport;;;True;True;УХЛ;ГОСТ 5762-2002;ГОСТ 5762-2002;67;pcs;True
SYN-REG-CARD-000728;MTR-SYN-REG-000728;KSM-SYN-REG-000728;задвижка;клиновая;Задвижка клиновая DN400 PN160;Задвижка клиновая DN400 PN160;400;;;;;;160;20;;техническая вода;requires_project_and_passport;;;False;True;ХЛ;ГОСТ 5762-2002;ГОСТ 5762-2002;8;pcs;True
SYN-REG-CARD-000729;MTR-SYN-REG-000729;KSM-SYN-REG-000729;задвижка;шиберная;Задвижка шиберная DN150 PN40;Задвижка шиберная DN150 PN40;150;;;;;;40;09Г2С;;коррозионно-активная среда;requires_tu_lnd_passport;;;False;True;УХЛ;ГОСТ 5762-2002;ГОСТ 5762-2002;65;pcs;True
SYN-REG-CARD-000730;MTR-SYN-REG-000730;KSM-SYN-REG-000730;задвижка;клиновая;Задвижка клиновая DN200 PN63;Задвижка клиновая DN200 PN63;200;;;;;;63;13ХФА;;газ с H2S;requires_tu_lnd_passport;;;True;True;У;ГОСТ 5762-2002;ГОСТ 5762-2002;77;pcs;True
SYN-REG-CARD-000731;MTR-SYN-REG-000731;KSM-SYN-REG-000731;задвижка;клиновая;Задвижка клиновая DN100 PN40;Задвижка клиновая DN100 PN40;100;;;;;;40;20;;природный газ;requires_project_and_passport;;;True;True;У;ГОСТ 5762-2002;ГОСТ 5762-2002;79;pcs;True
SYN-REG-CARD-000732;MTR-SYN-REG-000732;KSM-SYN-REG-000732;задвижка;шиберная;Задвижка шиберная DN150 PN40;Задвижка шиберная DN150 PN40;150;;;;;;40;09Г2С;;техническая вода;requires_project_and_passport;;;False;False;УХЛ;ГОСТ 5762-2002;ГОСТ 5762-2002;26;pcs;True
SYN-REG-CARD-000733;MTR-SYN-REG-000733;KSM-SYN-REG-000733;задвижка;шиберная;Задвижка шиберная DN25 PN16;Задвижка шиберная DN25 PN16;25;;;;;;16;09ГСФ;;газ с H2S и CO2;requires_tu_lnd_passport;;;False;True;ХЛ;ГОСТ 5762-2002;ГОСТ 5762-2002;34;pcs;True
SYN-REG-CARD-000734;MTR-SYN-REG-000734;KSM-SYN-REG-000734;задвижка;шиберная;Задвижка шиберная DN400 PN160;Задвижка шиберная DN400 PN160;400;;;;;;160;20;;газ с CO2;requires_tu_lnd_passport;;;True;True;У;ГОСТ 5762-2002;ГОСТ 5762-2002;13;pcs;True
SYN-REG-CARD-000735;MTR-SYN-REG-000735;KSM-SYN-REG-000735;задвижка;клиновая;Задвижка клиновая DN100 PN40;Задвижка клиновая DN100 PN40;100;;;;;;40;09ГСФ;;техническая вода;requires_project_and_passport;;;;True;УХЛ;ГОСТ 5762-2002;ГОСТ 5762-2002;75;pcs;True
SYN-REG-CARD-000736;MTR-SYN-REG-000736;KSM-SYN-REG-000736;задвижка;клиновая;Задвижка клиновая DN250 PN100;Задвижка клиновая DN250 PN100;250;;;;;;100;13ХФА;;газ с H2S;requires_tu_lnd_passport;;;False;;УХЛ;ГОСТ 5762-2002;ГОСТ 5762-2002;2;pcs;True
SYN-REG-CARD-000737;MTR-SYN-REG-000737;KSM-SYN-REG-000737;задвижка;клиновая;Задвижка клиновая DN300 PN160;Задвижка клиновая DN300 PN160;300;;;;;;160;09Г2С;;газ с H2S;requires_tu_lnd_passport;;;;False;УХЛ;ГОСТ 5762-2002;ГОСТ 5762-2002;36;pcs;True
SYN-REG-CARD-000738;MTR-SYN-REG-000738;KSM-SYN-REG-000738;задвижка;шиберная;Задвижка шиберная DN25 PN16;Задвижка шиберная DN25 PN16;25;;;;;;16;09Г2С;;газ с CO2;requires_tu_lnd_passport;;;False;True;УХЛ;ГОСТ 5762-2002;ГОСТ 5762-2002;24;pcs;True
SYN-REG-CARD-000739;MTR-SYN-REG-000739;KSM-SYN-REG-000739;задвижка;шиберная;Задвижка шиберная DN50 PN16;Задвижка шиберная DN50 PN16;50;;;;;;16;13ХФА;;техническая вода;requires_project_and_passport;;;True;True;УХЛ;ГОСТ 5762-2002;ГОСТ 5762-2002;44;pcs;True
SYN-REG-CARD-000740;MTR-SYN-REG-000740;KSM-SYN-REG-000740;задвижка;клиновая;Задвижка клиновая DN50 PN16;Задвижка клиновая DN50 PN16;50;;;;;;16;20;;газ с H2S;requires_tu_lnd_passport;;;False;True;УХЛ;ГОСТ 5762-2002;ГОСТ 5762-2002;12;pcs;True
SYN-REG-CARD-000741;MTR-SYN-REG-000741;KSM-SYN-REG-000741;заглушка;эллиптическая приварная;Заглушка эллиптическая приварная 76x4 09ГСФ;Заглушка эллиптическая приварная 76x4 09ГСФ;65;76;4;;;;40;09ГСФ;К56;газ с H2S и CO2;requires_tu_lnd_passport;;;False;True;УХЛ;ГОСТ 17379-2001;ГОСТ 17379-2001;4;pcs;True
SYN-REG-CARD-000742;MTR-SYN-REG-000742;KSM-SYN-REG-000742;заглушка;эллиптическая приварная;Заглушка эллиптическая приварная 57x3 20;Заглушка эллиптическая приварная 57x3 20;50;57;3;;;;25;20;К56;природный газ;requires_project_and_passport;;;True;True;У;ГОСТ 17379-2001;ГОСТ 17379-2001;74;pcs;True
SYN-REG-CARD-000743;MTR-SYN-REG-000743;KSM-SYN-REG-000743;заглушка;эллиптическая приварная;Заглушка эллиптическая приварная 133x5 20;Заглушка эллиптическая приварная 133x5 20;125;133;5;;;;100;20;К56;нефть;requires_project_and_passport;;;True;True;ХЛ;ГОСТ 17379-2001;ГОСТ 17379-2001;35;pcs;True
SYN-REG-CARD-000744;MTR-SYN-REG-000744;KSM-SYN-REG-000744;заглушка;эллиптическая приварная;Заглушка эллиптическая приварная 57x3 09ГСФ;Заглушка эллиптическая приварная 57x3 09ГСФ;50;57;3;;;;25;09ГСФ;К56;техническая вода;requires_project_and_passport;;;True;False;УХЛ;ГОСТ 17379-2001;ГОСТ 17379-2001;38;pcs;True
SYN-REG-CARD-000745;MTR-SYN-REG-000745;KSM-SYN-REG-000745;заглушка;эллиптическая приварная;Заглушка эллиптическая приварная 325x10 09ГСФ;Заглушка эллиптическая приварная 325x10 09ГСФ;300;325;10;;;;25;09ГСФ;К52;природный газ;requires_project_and_passport;;;True;False;У;ГОСТ 17379-2001;ГОСТ 17379-2001;0;pcs;True
SYN-REG-CARD-000746;MTR-SYN-REG-000746;KSM-SYN-REG-000746;заглушка;эллиптическая приварная;Заглушка эллиптическая приварная 377x12 13ХФА;Заглушка эллиптическая приварная 377x12 13ХФА;350;377;12;;;;40;13ХФА;К42;газ с H2S;requires_tu_lnd_passport;;;False;False;УХЛ;ГОСТ 17379-2001;ГОСТ 17379-2001;15;pcs;True
SYN-REG-CARD-000747;MTR-SYN-REG-000747;KSM-SYN-REG-000747;заглушка;эллиптическая приварная;Заглушка эллиптическая приварная 325x10 09Г2С;Заглушка эллиптическая приварная 325x10 09Г2С;300;325;10;;;;63;09Г2С;К42;нефть;requires_project_and_passport;;;True;True;У;ГОСТ 17379-2001;ГОСТ 17379-2001;52;pcs;True
SYN-REG-CARD-000748;MTR-SYN-REG-000748;KSM-SYN-REG-000748;заглушка;эллиптическая приварная;Заглушка эллиптическая приварная 133x5 20;Заглушка эллиптическая приварная 133x5 20;125;133;5;;;;63;20;К56;газ с H2S и CO2;requires_tu_lnd_passport;;;False;;ХЛ;ГОСТ 17379-2001;ГОСТ 17379-2001;55;pcs;True
SYN-REG-CARD-000749;MTR-SYN-REG-000749;KSM-SYN-REG-000749;заглушка;эллиптическая приварная;Заглушка эллиптическая приварная 108x4 20;Заглушка эллиптическая приварная 108x4 20;100;108;4;;;;25;20;К48;нефть;requires_project_and_passport;;;False;True;УХЛ;ГОСТ 17379-2001;ГОСТ 17379-2001;35;pcs;True
SYN-REG-CARD-000750;MTR-SYN-REG-000750;KSM-SYN-REG-000750;заглушка;эллиптическая приварная;Заглушка эллиптическая приварная 108x4 13ХФА;Заглушка эллиптическая приварная 108x4 13ХФА;100;108;4;;;;25;13ХФА;К52;природный газ;requires_project_and_passport;;;False;True;УХЛ;ГОСТ 17379-2001;ГОСТ 17379-2001;76;pcs;True
SYN-REG-CARD-000751;MTR-SYN-REG-000751;KSM-SYN-REG-000751;заглушка;эллиптическая приварная;Заглушка эллиптическая приварная 89x4 09ГСФ;Заглушка эллиптическая приварная 89x4 09ГСФ;80;89;4;;;;160;09ГСФ;К42;техническая вода;requires_project_and_passport;;;False;;ХЛ;ГОСТ 17379-2001;ГОСТ 17379-2001;32;pcs;True
SYN-REG-CARD-000752;MTR-SYN-REG-000752;KSM-SYN-REG-000752;заглушка;эллиптическая приварная;Заглушка эллиптическая приварная 133x5 09ГСФ;Заглушка эллиптическая приварная 133x5 09ГСФ;125;133;5;;;;100;09ГСФ;К56;газ с CO2;requires_tu_lnd_passport;;;True;True;У;ГОСТ 17379-2001;ГОСТ 17379-2001;69;pcs;True
SYN-REG-CARD-000753;MTR-SYN-REG-000753;KSM-SYN-REG-000753;заглушка;эллиптическая приварная;Заглушка эллиптическая приварная 57x3 09Г2С;Заглушка эллиптическая приварная 57x3 09Г2С;50;57;3;;;;40;09Г2С;К48;нефть;requires_project_and_passport;;;False;True;УХЛ;ГОСТ 17379-2001;ГОСТ 17379-2001;74;pcs;True
SYN-REG-CARD-000754;MTR-SYN-REG-000754;KSM-SYN-REG-000754;заглушка;эллиптическая приварная;Заглушка эллиптическая приварная 57x3 13ХФА;Заглушка эллиптическая приварная 57x3 13ХФА;50;57;3;;;;40;13ХФА;К42;природный газ;requires_project_and_passport;;;True;True;УХЛ;ГОСТ 17379-2001;ГОСТ 17379-2001;64;pcs;True
SYN-REG-CARD-000755;MTR-SYN-REG-000755;KSM-SYN-REG-000755;заглушка;эллиптическая приварная;Заглушка эллиптическая приварная 219x8 13ХФА;Заглушка эллиптическая приварная 219x8 13ХФА;200;219;8;;;;100;13ХФА;К42;газ с H2S;requires_tu_lnd_passport;;;True;True;У;ГОСТ 17379-2001;ГОСТ 17379-2001;5;pcs;True
SYN-REG-CARD-000756;MTR-SYN-REG-000756;KSM-SYN-REG-000756;заглушка;эллиптическая приварная;Заглушка эллиптическая приварная 89x4 13ХФА;Заглушка эллиптическая приварная 89x4 13ХФА;80;89;4;;;;160;13ХФА;К52;техническая вода;requires_project_and_passport;;;True;;У;ГОСТ 17379-2001;ГОСТ 17379-2001;54;pcs;True
SYN-REG-CARD-000757;MTR-SYN-REG-000757;KSM-SYN-REG-000757;заглушка;эллиптическая приварная;Заглушка эллиптическая приварная 89x4 09Г2С;Заглушка эллиптическая приварная 89x4 09Г2С;80;89;4;;;;16;09Г2С;К52;нефть;requires_project_and_passport;;;False;True;ХЛ;ГОСТ 17379-2001;ГОСТ 17379-2001;75;pcs;True
SYN-REG-CARD-000758;MTR-SYN-REG-000758;KSM-SYN-REG-000758;заглушка;эллиптическая приварная;Заглушка эллиптическая приварная 76x4 13ХФА;Заглушка эллиптическая приварная 76x4 13ХФА;65;76;4;;;;100;13ХФА;К42;газ с H2S и CO2;requires_tu_lnd_passport;;;True;True;УХЛ;ГОСТ 17379-2001;ГОСТ 17379-2001;11;pcs;True
SYN-REG-CARD-000759;MTR-SYN-REG-000759;KSM-SYN-REG-000759;заглушка;эллиптическая приварная;Заглушка эллиптическая приварная 159x6 13ХФА;Заглушка эллиптическая приварная 159x6 13ХФА;150;159;6;;;;160;13ХФА;К52;природный газ;requires_project_and_passport;;;False;True;ХЛ;ГОСТ 17379-2001;ГОСТ 17379-2001;25;pcs;True
SYN-REG-CARD-000760;MTR-SYN-REG-000760;KSM-SYN-REG-000760;заглушка;эллиптическая приварная;Заглушка эллиптическая приварная 89x4 09ГСФ;Заглушка эллиптическая приварная 89x4 09ГСФ;80;89;4;;;;25;09ГСФ;К52;природный газ;requires_project_and_passport;;;True;True;ХЛ;ГОСТ 17379-2001;ГОСТ 17379-2001;2;pcs;True
SYN-REG-CARD-000761;MTR-SYN-REG-000761;KSM-SYN-REG-000761;заглушка;эллиптическая приварная;Заглушка эллиптическая приварная 426x12 09Г2С;Заглушка эллиптическая приварная 426x12 09Г2С;400;426;12;;;;160;09Г2С;К56;коррозионно-активная среда;requires_tu_lnd_passport;;;;True;У;ГОСТ 17379-2001;ГОСТ 17379-2001;23;pcs;True
SYN-REG-CARD-000762;MTR-SYN-REG-000762;KSM-SYN-REG-000762;заглушка;эллиптическая приварная;Заглушка эллиптическая приварная 89x4 09Г2С;Заглушка эллиптическая приварная 89x4 09Г2С;80;89;4;;;;16;09Г2С;К56;газ с H2S и CO2;requires_tu_lnd_passport;;;True;True;УХЛ;ГОСТ 17379-2001;ГОСТ 17379-2001;31;pcs;True
SYN-REG-CARD-000763;MTR-SYN-REG-000763;KSM-SYN-REG-000763;заглушка;эллиптическая приварная;Заглушка эллиптическая приварная 377x12 09ГСФ;Заглушка эллиптическая приварная 377x12 09ГСФ;350;377;12;;;;160;09ГСФ;К56;природный газ;requires_project_and_passport;;;False;True;УХЛ;ГОСТ 17379-2001;ГОСТ 17379-2001;49;pcs;True
SYN-REG-CARD-000764;MTR-SYN-REG-000764;KSM-SYN-REG-000764;заглушка;эллиптическая приварная;Заглушка эллиптическая приварная 159x6 13ХФА;Заглушка эллиптическая приварная 159x6 13ХФА;150;159;6;;;;100;13ХФА;К42;газ с H2S;requires_tu_lnd_passport;;;;True;У;ГОСТ 17379-2001;ГОСТ 17379-2001;73;pcs;True
SYN-REG-CARD-000765;MTR-SYN-REG-000765;KSM-SYN-REG-000765;заглушка;эллиптическая приварная;Заглушка эллиптическая приварная 325x10 09Г2С;Заглушка эллиптическая приварная 325x10 09Г2С;300;325;10;;;;160;09Г2С;К56;газ с H2S;requires_tu_lnd_passport;;;True;True;УХЛ;ГОСТ 17379-2001;ГОСТ 17379-2001;72;pcs;True
SYN-REG-CARD-000766;MTR-SYN-REG-000766;KSM-SYN-REG-000766;заглушка;эллиптическая приварная;Заглушка эллиптическая приварная 377x12 09Г2С;Заглушка эллиптическая приварная 377x12 09Г2С;350;377;12;;;;25;09Г2С;К56;нефть;requires_project_and_passport;;;False;True;У;ГОСТ 17379-2001;ГОСТ 17379-2001;38;pcs;True
SYN-REG-CARD-000767;MTR-SYN-REG-000767;KSM-SYN-REG-000767;заглушка;эллиптическая приварная;Заглушка эллиптическая приварная 76x4 20;Заглушка эллиптическая приварная 76x4 20;65;76;4;;;;16;20;К42;газ с H2S и CO2;requires_tu_lnd_passport;;;True;True;ХЛ;ГОСТ 17379-2001;ГОСТ 17379-2001;70;pcs;True
SYN-REG-CARD-000768;MTR-SYN-REG-000768;KSM-SYN-REG-000768;заглушка;эллиптическая приварная;Заглушка эллиптическая приварная 159x6 09Г2С;Заглушка эллиптическая приварная 159x6 09Г2С;150;159;6;;;;25;09Г2С;К48;газ с H2S и CO2;requires_tu_lnd_passport;;;True;True;У;ГОСТ 17379-2001;ГОСТ 17379-2001;33;pcs;True
SYN-REG-CARD-000769;MTR-SYN-REG-000769;KSM-SYN-REG-000769;заглушка;эллиптическая приварная;Заглушка эллиптическая приварная 108x4 13ХФА;Заглушка эллиптическая приварная 108x4 13ХФА;100;108;4;;;;63;13ХФА;К56;нефть;requires_project_and_passport;;;False;True;ХЛ;ГОСТ 17379-2001;ГОСТ 17379-2001;32;pcs;True
SYN-REG-CARD-000770;MTR-SYN-REG-000770;KSM-SYN-REG-000770;заглушка;эллиптическая приварная;Заглушка эллиптическая приварная 377x12 13ХФА;Заглушка эллиптическая приварная 377x12 13ХФА;350;377;12;;;;63;13ХФА;К42;коррозионно-активная среда;requires_tu_lnd_passport;;;False;;У;ГОСТ 17379-2001;ГОСТ 17379-2001;75;pcs;True
SYN-REG-CARD-000771;MTR-SYN-REG-000771;KSM-SYN-REG-000771;заглушка;эллиптическая приварная;Заглушка эллиптическая приварная 273x10 20;Заглушка эллиптическая приварная 273x10 20;250;273;10;;;;100;20;К48;нефть;requires_project_and_passport;;;;True;ХЛ;ГОСТ 17379-2001;ГОСТ 17379-2001;16;pcs;True
SYN-REG-CARD-000772;MTR-SYN-REG-000772;KSM-SYN-REG-000772;заглушка;эллиптическая приварная;Заглушка эллиптическая приварная 325x10 20;Заглушка эллиптическая приварная 325x10 20;300;325;10;;;;160;20;К48;коррозионно-активная среда;requires_tu_lnd_passport;;;False;True;У;ГОСТ 17379-2001;ГОСТ 17379-2001;47;pcs;True
SYN-REG-CARD-000773;MTR-SYN-REG-000773;KSM-SYN-REG-000773;заглушка;эллиптическая приварная;Заглушка эллиптическая приварная 325x10 09Г2С;Заглушка эллиптическая приварная 325x10 09Г2С;300;325;10;;;;40;09Г2С;К42;коррозионно-активная среда;requires_tu_lnd_passport;;;True;True;У;ГОСТ 17379-2001;ГОСТ 17379-2001;12;pcs;True
SYN-REG-CARD-000774;MTR-SYN-REG-000774;KSM-SYN-REG-000774;заглушка;эллиптическая приварная;Заглушка эллиптическая приварная 273x10 09Г2С;Заглушка эллиптическая приварная 273x10 09Г2С;250;273;10;;;;40;09Г2С;К56;техническая вода;requires_project_and_passport;;;True;True;У;ГОСТ 17379-2001;ГОСТ 17379-2001;27;pcs;True
SYN-REG-CARD-000775;MTR-SYN-REG-000775;KSM-SYN-REG-000775;заглушка;эллиптическая приварная;Заглушка эллиптическая приварная 325x10 09Г2С;Заглушка эллиптическая приварная 325x10 09Г2С;300;325;10;;;;63;09Г2С;К42;газ с H2S;requires_tu_lnd_passport;;;False;False;УХЛ;ГОСТ 17379-2001;ГОСТ 17379-2001;70;pcs;True
SYN-REG-CARD-000776;MTR-SYN-REG-000776;KSM-SYN-REG-000776;заглушка;эллиптическая приварная;Заглушка эллиптическая приварная 273x10 09ГСФ;Заглушка эллиптическая приварная 273x10 09ГСФ;250;273;10;;;;25;09ГСФ;К52;природный газ;requires_project_and_passport;;;False;True;ХЛ;ГОСТ 17379-2001;ГОСТ 17379-2001;64;pcs;True
SYN-REG-CARD-000777;MTR-SYN-REG-000777;KSM-SYN-REG-000777;заглушка;эллиптическая приварная;Заглушка эллиптическая приварная 159x6 13ХФА;Заглушка эллиптическая приварная 159x6 13ХФА;150;159;6;;;;63;13ХФА;К56;нефть;requires_project_and_passport;;;False;False;УХЛ;ГОСТ 17379-2001;ГОСТ 17379-2001;16;pcs;True
SYN-REG-CARD-000778;MTR-SYN-REG-000778;KSM-SYN-REG-000778;заглушка;эллиптическая приварная;Заглушка эллиптическая приварная 76x4 20;Заглушка эллиптическая приварная 76x4 20;65;76;4;;;;100;20;К42;газ с CO2;requires_tu_lnd_passport;;;True;True;ХЛ;ГОСТ 17379-2001;ГОСТ 17379-2001;2;pcs;True
SYN-REG-CARD-000779;MTR-SYN-REG-000779;KSM-SYN-REG-000779;заглушка;эллиптическая приварная;Заглушка эллиптическая приварная 377x12 09Г2С;Заглушка эллиптическая приварная 377x12 09Г2С;350;377;12;;;;16;09Г2С;К42;газ с H2S и CO2;requires_tu_lnd_passport;;;False;True;УХЛ;ГОСТ 17379-2001;ГОСТ 17379-2001;14;pcs;True
SYN-REG-CARD-000780;MTR-SYN-REG-000780;KSM-SYN-REG-000780;заглушка;эллиптическая приварная;Заглушка эллиптическая приварная 159x6 09ГСФ;Заглушка эллиптическая приварная 159x6 09ГСФ;150;159;6;;;;160;09ГСФ;К48;нефть;requires_project_and_passport;;;False;True;УХЛ;ГОСТ 17379-2001;ГОСТ 17379-2001;35;pcs;True
SYN-REG-CARD-000781;MTR-SYN-REG-000781;KSM-SYN-REG-000781;заглушка;эллиптическая приварная;Заглушка эллиптическая приварная 76x4 13ХФА;Заглушка эллиптическая приварная 76x4 13ХФА;65;76;4;;;;100;13ХФА;К42;коррозионно-активная среда;requires_tu_lnd_passport;;;;;У;ГОСТ 17379-2001;ГОСТ 17379-2001;70;pcs;True
SYN-REG-CARD-000782;MTR-SYN-REG-000782;KSM-SYN-REG-000782;заглушка;эллиптическая приварная;Заглушка эллиптическая приварная 377x12 20;Заглушка эллиптическая приварная 377x12 20;350;377;12;;;;160;20;К52;коррозионно-активная среда;requires_tu_lnd_passport;;;True;True;ХЛ;ГОСТ 17379-2001;ГОСТ 17379-2001;53;pcs;True
SYN-REG-CARD-000783;MTR-SYN-REG-000783;KSM-SYN-REG-000783;заглушка;эллиптическая приварная;Заглушка эллиптическая приварная 89x4 13ХФА;Заглушка эллиптическая приварная 89x4 13ХФА;80;89;4;;;;160;13ХФА;К56;газ с CO2;requires_tu_lnd_passport;;;True;;У;ГОСТ 17379-2001;ГОСТ 17379-2001;3;pcs;True
SYN-REG-CARD-000784;MTR-SYN-REG-000784;KSM-SYN-REG-000784;заглушка;эллиптическая приварная;Заглушка эллиптическая приварная 426x12 09Г2С;Заглушка эллиптическая приварная 426x12 09Г2С;400;426;12;;;;160;09Г2С;К42;газ с H2S и CO2;requires_tu_lnd_passport;;;True;True;УХЛ;ГОСТ 17379-2001;ГОСТ 17379-2001;79;pcs;True
SYN-REG-CARD-000785;MTR-SYN-REG-000785;KSM-SYN-REG-000785;заглушка;эллиптическая приварная;Заглушка эллиптическая приварная 76x4 20;Заглушка эллиптическая приварная 76x4 20;65;76;4;;;;160;20;К52;газ с H2S и CO2;requires_tu_lnd_passport;;;True;True;УХЛ;ГОСТ 17379-2001;ГОСТ 17379-2001;76;pcs;True
SYN-REG-CARD-000786;MTR-SYN-REG-000786;KSM-SYN-REG-000786;заглушка;эллиптическая приварная;Заглушка эллиптическая приварная 89x4 20;Заглушка эллиптическая приварная 89x4 20;80;89;4;;;;100;20;К56;природный газ;requires_project_and_passport;;;True;False;У;ГОСТ 17379-2001;ГОСТ 17379-2001;35;pcs;True
SYN-REG-CARD-000787;MTR-SYN-REG-000787;KSM-SYN-REG-000787;заглушка;эллиптическая приварная;Заглушка эллиптическая приварная 426x12 09ГСФ;Заглушка эллиптическая приварная 426x12 09ГСФ;400;426;12;;;;40;09ГСФ;К52;природный газ;requires_project_and_passport;;;True;True;УХЛ;ГОСТ 17379-2001;ГОСТ 17379-2001;28;pcs;True
SYN-REG-CARD-000788;MTR-SYN-REG-000788;KSM-SYN-REG-000788;заглушка;эллиптическая приварная;Заглушка эллиптическая приварная 377x12 20;Заглушка эллиптическая приварная 377x12 20;350;377;12;;;;16;20;К52;газ с H2S и CO2;requires_tu_lnd_passport;;;False;;ХЛ;ГОСТ 17379-2001;ГОСТ 17379-2001;31;pcs;True
SYN-REG-CARD-000789;MTR-SYN-REG-000789;KSM-SYN-REG-000789;заглушка;эллиптическая приварная;Заглушка эллиптическая приварная 426x12 09ГСФ;Заглушка эллиптическая приварная 426x12 09ГСФ;400;426;12;;;;160;09ГСФ;К52;нефть;requires_project_and_passport;;;;;У;ГОСТ 17379-2001;ГОСТ 17379-2001;79;pcs;True
SYN-REG-CARD-000790;MTR-SYN-REG-000790;KSM-SYN-REG-000790;заглушка;эллиптическая приварная;Заглушка эллиптическая приварная 57x3 09ГСФ;Заглушка эллиптическая приварная 57x3 09ГСФ;50;57;3;;;;25;09ГСФ;К52;природный газ;requires_project_and_passport;;;True;True;ХЛ;ГОСТ 17379-2001;ГОСТ 17379-2001;33;pcs;True
SYN-REG-CARD-000791;MTR-SYN-REG-000791;KSM-SYN-REG-000791;заглушка;эллиптическая приварная;Заглушка эллиптическая приварная 89x4 09Г2С;Заглушка эллиптическая приварная 89x4 09Г2С;80;89;4;;;;160;09Г2С;К42;газ с CO2;requires_tu_lnd_passport;;;;True;УХЛ;ГОСТ 17379-2001;ГОСТ 17379-2001;64;pcs;True
SYN-REG-CARD-000792;MTR-SYN-REG-000792;KSM-SYN-REG-000792;заглушка;эллиптическая приварная;Заглушка эллиптическая приварная 159x6 09Г2С;Заглушка эллиптическая приварная 159x6 09Г2С;150;159;6;;;;100;09Г2С;К42;коррозионно-активная среда;requires_tu_lnd_passport;;;False;True;ХЛ;ГОСТ 17379-2001;ГОСТ 17379-2001;21;pcs;True
SYN-REG-CARD-000793;MTR-SYN-REG-000793;KSM-SYN-REG-000793;заглушка;эллиптическая приварная;Заглушка эллиптическая приварная 89x4 09ГСФ;Заглушка эллиптическая приварная 89x4 09ГСФ;80;89;4;;;;25;09ГСФ;К48;техническая вода;requires_project_and_passport;;;True;True;ХЛ;ГОСТ 17379-2001;ГОСТ 17379-2001;13;pcs;True
SYN-REG-CARD-000794;MTR-SYN-REG-000794;KSM-SYN-REG-000794;заглушка;эллиптическая приварная;Заглушка эллиптическая приварная 108x4 09ГСФ;Заглушка эллиптическая приварная 108x4 09ГСФ;100;108;4;;;;63;09ГСФ;К52;газ с CO2;requires_tu_lnd_passport;;;True;True;УХЛ;ГОСТ 17379-2001;ГОСТ 17379-2001;7;pcs;True
SYN-REG-CARD-000795;MTR-SYN-REG-000795;KSM-SYN-REG-000795;заглушка;эллиптическая приварная;Заглушка эллиптическая приварная 108x4 09ГСФ;Заглушка эллиптическая приварная 108x4 09ГСФ;100;108;4;;;;63;09ГСФ;К56;природный газ;requires_project_and_passport;;;False;True;У;ГОСТ 17379-2001;ГОСТ 17379-2001;26;pcs;True
SYN-REG-CARD-000796;MTR-SYN-REG-000796;KSM-SYN-REG-000796;заглушка;эллиптическая приварная;Заглушка эллиптическая приварная 325x10 09ГСФ;Заглушка эллиптическая приварная 325x10 09ГСФ;300;325;10;;;;40;09ГСФ;К52;газ с CO2;requires_tu_lnd_passport;;;True;False;УХЛ;ГОСТ 17379-2001;ГОСТ 17379-2001;42;pcs;True
SYN-REG-CARD-000797;MTR-SYN-REG-000797;KSM-SYN-REG-000797;заглушка;эллиптическая приварная;Заглушка эллиптическая приварная 133x5 09ГСФ;Заглушка эллиптическая приварная 133x5 09ГСФ;125;133;5;;;;100;09ГСФ;К52;природный газ;requires_project_and_passport;;;True;True;ХЛ;ГОСТ 17379-2001;ГОСТ 17379-2001;5;pcs;True
SYN-REG-CARD-000798;MTR-SYN-REG-000798;KSM-SYN-REG-000798;заглушка;эллиптическая приварная;Заглушка эллиптическая приварная 159x6 09ГСФ;Заглушка эллиптическая приварная 159x6 09ГСФ;150;159;6;;;;160;09ГСФ;К48;природный газ;requires_project_and_passport;;;True;False;У;ГОСТ 17379-2001;ГОСТ 17379-2001;19;pcs;True
SYN-REG-CARD-000799;MTR-SYN-REG-000799;KSM-SYN-REG-000799;заглушка;эллиптическая приварная;Заглушка эллиптическая приварная 273x10 09ГСФ;Заглушка эллиптическая приварная 273x10 09ГСФ;250;273;10;;;;16;09ГСФ;К52;природный газ;requires_project_and_passport;;;True;;ХЛ;ГОСТ 17379-2001;ГОСТ 17379-2001;43;pcs;True
SYN-REG-CARD-000800;MTR-SYN-REG-000800;KSM-SYN-REG-000800;заглушка;эллиптическая приварная;Заглушка эллиптическая приварная 133x5 13ХФА;Заглушка эллиптическая приварная 133x5 13ХФА;125;133;5;;;;63;13ХФА;К42;газ с CO2;requires_tu_lnd_passport;;;True;True;У;ГОСТ 17379-2001;ГОСТ 17379-2001;15;pcs;True
SYN-REG-CARD-000801;MTR-SYN-REG-000801;KSM-SYN-REG-000801;заглушка;эллиптическая приварная;Заглушка эллиптическая приварная 377x12 13ХФА;Заглушка эллиптическая приварная 377x12 13ХФА;350;377;12;;;;100;13ХФА;К52;коррозионно-активная среда;requires_tu_lnd_passport;;;True;True;УХЛ;ГОСТ 17379-2001;ГОСТ 17379-2001;28;pcs;True
SYN-REG-CARD-000802;MTR-SYN-REG-000802;KSM-SYN-REG-000802;заглушка;эллиптическая приварная;Заглушка эллиптическая приварная 426x12 20;Заглушка эллиптическая приварная 426x12 20;400;426;12;;;;40;20;К48;газ с H2S;requires_tu_lnd_passport;;;True;;ХЛ;ГОСТ 17379-2001;ГОСТ 17379-2001;79;pcs;True
SYN-REG-CARD-000803;MTR-SYN-REG-000803;KSM-SYN-REG-000803;заглушка;эллиптическая приварная;Заглушка эллиптическая приварная 57x3 09ГСФ;Заглушка эллиптическая приварная 57x3 09ГСФ;50;57;3;;;;100;09ГСФ;К56;техническая вода;requires_project_and_passport;;;;;ХЛ;ГОСТ 17379-2001;ГОСТ 17379-2001;42;pcs;True
SYN-REG-CARD-000804;MTR-SYN-REG-000804;KSM-SYN-REG-000804;заглушка;эллиптическая приварная;Заглушка эллиптическая приварная 57x3 20;Заглушка эллиптическая приварная 57x3 20;50;57;3;;;;100;20;К42;газ с CO2;requires_tu_lnd_passport;;;True;True;У;ГОСТ 17379-2001;ГОСТ 17379-2001;16;pcs;True
SYN-REG-CARD-000805;MTR-SYN-REG-000805;KSM-SYN-REG-000805;заглушка;эллиптическая приварная;Заглушка эллиптическая приварная 76x4 20;Заглушка эллиптическая приварная 76x4 20;65;76;4;;;;63;20;К48;газ с CO2;requires_tu_lnd_passport;;;False;True;У;ГОСТ 17379-2001;ГОСТ 17379-2001;18;pcs;True
SYN-REG-CARD-000806;MTR-SYN-REG-000806;KSM-SYN-REG-000806;заглушка;эллиптическая приварная;Заглушка эллиптическая приварная 89x4 13ХФА;Заглушка эллиптическая приварная 89x4 13ХФА;80;89;4;;;;16;13ХФА;К52;техническая вода;requires_project_and_passport;;;False;True;У;ГОСТ 17379-2001;ГОСТ 17379-2001;20;pcs;True
SYN-REG-CARD-000807;MTR-SYN-REG-000807;KSM-SYN-REG-000807;заглушка;эллиптическая приварная;Заглушка эллиптическая приварная 426x12 13ХФА;Заглушка эллиптическая приварная 426x12 13ХФА;400;426;12;;;;160;13ХФА;К52;природный газ;requires_project_and_passport;;;True;False;У;ГОСТ 17379-2001;ГОСТ 17379-2001;63;pcs;True
SYN-REG-CARD-000808;MTR-SYN-REG-000808;KSM-SYN-REG-000808;заглушка;эллиптическая приварная;Заглушка эллиптическая приварная 219x8 20;Заглушка эллиптическая приварная 219x8 20;200;219;8;;;;16;20;К42;газ с H2S;requires_tu_lnd_passport;;;False;False;ХЛ;ГОСТ 17379-2001;ГОСТ 17379-2001;42;pcs;True
SYN-REG-CARD-000809;MTR-SYN-REG-000809;KSM-SYN-REG-000809;заглушка;эллиптическая приварная;Заглушка эллиптическая приварная 89x4 09Г2С;Заглушка эллиптическая приварная 89x4 09Г2С;80;89;4;;;;100;09Г2С;К52;газ с H2S;requires_tu_lnd_passport;;;False;True;УХЛ;ГОСТ 17379-2001;ГОСТ 17379-2001;34;pcs;True
SYN-REG-CARD-000810;MTR-SYN-REG-000810;KSM-SYN-REG-000810;заглушка;эллиптическая приварная;Заглушка эллиптическая приварная 159x6 09Г2С;Заглушка эллиптическая приварная 159x6 09Г2С;150;159;6;;;;25;09Г2С;К48;газ с CO2;requires_tu_lnd_passport;;;True;True;У;ГОСТ 17379-2001;ГОСТ 17379-2001;66;pcs;True
SYN-REG-CARD-000811;MTR-SYN-REG-000811;KSM-SYN-REG-000811;заглушка;эллиптическая приварная;Заглушка эллиптическая приварная 57x3 09Г2С;Заглушка эллиптическая приварная 57x3 09Г2С;50;57;3;;;;100;09Г2С;К42;нефть;requires_project_and_passport;;;;False;УХЛ;ГОСТ 17379-2001;ГОСТ 17379-2001;62;pcs;True
SYN-REG-CARD-000812;MTR-SYN-REG-000812;KSM-SYN-REG-000812;заглушка;эллиптическая приварная;Заглушка эллиптическая приварная 325x10 20;Заглушка эллиптическая приварная 325x10 20;300;325;10;;;;63;20;К56;природный газ;requires_project_and_passport;;;False;;УХЛ;ГОСТ 17379-2001;ГОСТ 17379-2001;18;pcs;True
SYN-REG-CARD-000813;MTR-SYN-REG-000813;KSM-SYN-REG-000813;заглушка;эллиптическая приварная;Заглушка эллиптическая приварная 377x12 09Г2С;Заглушка эллиптическая приварная 377x12 09Г2С;350;377;12;;;;100;09Г2С;К48;газ с H2S и CO2;requires_tu_lnd_passport;;;False;True;УХЛ;ГОСТ 17379-2001;ГОСТ 17379-2001;36;pcs;True
SYN-REG-CARD-000814;MTR-SYN-REG-000814;KSM-SYN-REG-000814;заглушка;эллиптическая приварная;Заглушка эллиптическая приварная 426x12 09Г2С;Заглушка эллиптическая приварная 426x12 09Г2С;400;426;12;;;;16;09Г2С;К56;газ с CO2;requires_tu_lnd_passport;;;False;True;У;ГОСТ 17379-2001;ГОСТ 17379-2001;15;pcs;True
SYN-REG-CARD-000815;MTR-SYN-REG-000815;KSM-SYN-REG-000815;заглушка;эллиптическая приварная;Заглушка эллиптическая приварная 273x10 09ГСФ;Заглушка эллиптическая приварная 273x10 09ГСФ;250;273;10;;;;100;09ГСФ;К42;природный газ;requires_project_and_passport;;;True;False;У;ГОСТ 17379-2001;ГОСТ 17379-2001;1;pcs;True
SYN-REG-CARD-000816;MTR-SYN-REG-000816;KSM-SYN-REG-000816;заглушка;эллиптическая приварная;Заглушка эллиптическая приварная 108x4 20;Заглушка эллиптическая приварная 108x4 20;100;108;4;;;;16;20;К48;нефть;requires_project_and_passport;;;False;True;УХЛ;ГОСТ 17379-2001;ГОСТ 17379-2001;17;pcs;True
SYN-REG-CARD-000817;MTR-SYN-REG-000817;KSM-SYN-REG-000817;заглушка;эллиптическая приварная;Заглушка эллиптическая приварная 426x12 09ГСФ;Заглушка эллиптическая приварная 426x12 09ГСФ;400;426;12;;;;40;09ГСФ;К42;газ с H2S;requires_tu_lnd_passport;;;True;True;ХЛ;ГОСТ 17379-2001;ГОСТ 17379-2001;62;pcs;True
SYN-REG-CARD-000818;MTR-SYN-REG-000818;KSM-SYN-REG-000818;заглушка;эллиптическая приварная;Заглушка эллиптическая приварная 219x8 20;Заглушка эллиптическая приварная 219x8 20;200;219;8;;;;16;20;К52;природный газ;requires_project_and_passport;;;True;True;ХЛ;ГОСТ 17379-2001;ГОСТ 17379-2001;61;pcs;True
SYN-REG-CARD-000819;MTR-SYN-REG-000819;KSM-SYN-REG-000819;заглушка;эллиптическая приварная;Заглушка эллиптическая приварная 133x5 09Г2С;Заглушка эллиптическая приварная 133x5 09Г2С;125;133;5;;;;100;09Г2С;К56;газ с H2S и CO2;requires_tu_lnd_passport;;;True;True;ХЛ;ГОСТ 17379-2001;ГОСТ 17379-2001;1;pcs;True
SYN-REG-CARD-000820;MTR-SYN-REG-000820;KSM-SYN-REG-000820;заглушка;эллиптическая приварная;Заглушка эллиптическая приварная 57x3 09ГСФ;Заглушка эллиптическая приварная 57x3 09ГСФ;50;57;3;;;;63;09ГСФ;К56;техническая вода;requires_project_and_passport;;;True;True;У;ГОСТ 17379-2001;ГОСТ 17379-2001;23;pcs;True
SYN-REG-CARD-000821;MTR-SYN-REG-000821;KSM-SYN-REG-000821;заглушка;эллиптическая приварная;Заглушка эллиптическая приварная 133x5 20;Заглушка эллиптическая приварная 133x5 20;125;133;5;;;;25;20;К56;нефть;requires_project_and_passport;;;True;True;ХЛ;ГОСТ 17379-2001;ГОСТ 17379-2001;27;pcs;True
SYN-REG-CARD-000822;MTR-SYN-REG-000822;KSM-SYN-REG-000822;заглушка;эллиптическая приварная;Заглушка эллиптическая приварная 377x12 20;Заглушка эллиптическая приварная 377x12 20;350;377;12;;;;40;20;К42;нефть;requires_project_and_passport;;;False;True;УХЛ;ГОСТ 17379-2001;ГОСТ 17379-2001;55;pcs;True
SYN-REG-CARD-000823;MTR-SYN-REG-000823;KSM-SYN-REG-000823;заглушка;эллиптическая приварная;Заглушка эллиптическая приварная 159x6 20;Заглушка эллиптическая приварная 159x6 20;150;159;6;;;;160;20;К48;природный газ;requires_project_and_passport;;;False;;ХЛ;ГОСТ 17379-2001;ГОСТ 17379-2001;51;pcs;True
SYN-REG-CARD-000824;MTR-SYN-REG-000824;KSM-SYN-REG-000824;заглушка;эллиптическая приварная;Заглушка эллиптическая приварная 377x12 20;Заглушка эллиптическая приварная 377x12 20;350;377;12;;;;160;20;К42;газ с CO2;requires_tu_lnd_passport;;;True;True;У;ГОСТ 17379-2001;ГОСТ 17379-2001;62;pcs;True
SYN-REG-CARD-000825;MTR-SYN-REG-000825;KSM-SYN-REG-000825;заглушка;эллиптическая приварная;Заглушка эллиптическая приварная 57x3 13ХФА;Заглушка эллиптическая приварная 57x3 13ХФА;50;57;3;;;;40;13ХФА;К52;газ с CO2;requires_tu_lnd_passport;;;True;;ХЛ;ГОСТ 17379-2001;ГОСТ 17379-2001;53;pcs;True
SYN-REG-CARD-000826;MTR-SYN-REG-000826;KSM-SYN-REG-000826;заглушка;эллиптическая приварная;Заглушка эллиптическая приварная 76x4 20;Заглушка эллиптическая приварная 76x4 20;65;76;4;;;;40;20;К52;газ с CO2;requires_tu_lnd_passport;;;False;;У;ГОСТ 17379-2001;ГОСТ 17379-2001;28;pcs;True
SYN-REG-CARD-000827;MTR-SYN-REG-000827;KSM-SYN-REG-000827;заглушка;эллиптическая приварная;Заглушка эллиптическая приварная 133x5 20;Заглушка эллиптическая приварная 133x5 20;125;133;5;;;;63;20;К52;газ с H2S и CO2;requires_tu_lnd_passport;;;False;True;У;ГОСТ 17379-2001;ГОСТ 17379-2001;45;pcs;True
SYN-REG-CARD-000828;MTR-SYN-REG-000828;KSM-SYN-REG-000828;заглушка;эллиптическая приварная;Заглушка эллиптическая приварная 108x4 13ХФА;Заглушка эллиптическая приварная 108x4 13ХФА;100;108;4;;;;160;13ХФА;К42;нефть;requires_project_and_passport;;;True;True;УХЛ;ГОСТ 17379-2001;ГОСТ 17379-2001;27;pcs;True
SYN-REG-CARD-000829;MTR-SYN-REG-000829;KSM-SYN-REG-000829;заглушка;эллиптическая приварная;Заглушка эллиптическая приварная 133x5 09Г2С;Заглушка эллиптическая приварная 133x5 09Г2С;125;133;5;;;;160;09Г2С;К56;газ с CO2;requires_tu_lnd_passport;;;False;True;У;ГОСТ 17379-2001;ГОСТ 17379-2001;33;pcs;True
SYN-REG-CARD-000830;MTR-SYN-REG-000830;KSM-SYN-REG-000830;заглушка;эллиптическая приварная;Заглушка эллиптическая приварная 76x4 09ГСФ;Заглушка эллиптическая приварная 76x4 09ГСФ;65;76;4;;;;160;09ГСФ;К56;техническая вода;requires_project_and_passport;;;False;True;ХЛ;ГОСТ 17379-2001;ГОСТ 17379-2001;16;pcs;True
SYN-REG-CARD-000831;MTR-SYN-REG-000831;KSM-SYN-REG-000831;заглушка;эллиптическая приварная;Заглушка эллиптическая приварная 377x12 09Г2С;Заглушка эллиптическая приварная 377x12 09Г2С;350;377;12;;;;160;09Г2С;К42;газ с H2S и CO2;requires_tu_lnd_passport;;;True;True;ХЛ;ГОСТ 17379-2001;ГОСТ 17379-2001;80;pcs;True
SYN-REG-CARD-000832;MTR-SYN-REG-000832;KSM-SYN-REG-000832;заглушка;эллиптическая приварная;Заглушка эллиптическая приварная 426x12 09Г2С;Заглушка эллиптическая приварная 426x12 09Г2С;400;426;12;;;;63;09Г2С;К42;природный газ;requires_project_and_passport;;;;True;УХЛ;ГОСТ 17379-2001;ГОСТ 17379-2001;17;pcs;True
SYN-REG-CARD-000833;MTR-SYN-REG-000833;KSM-SYN-REG-000833;заглушка;эллиптическая приварная;Заглушка эллиптическая приварная 325x10 09Г2С;Заглушка эллиптическая приварная 325x10 09Г2С;300;325;10;;;;63;09Г2С;К48;природный газ;requires_project_and_passport;;;True;;УХЛ;ГОСТ 17379-2001;ГОСТ 17379-2001;61;pcs;True
SYN-REG-CARD-000834;MTR-SYN-REG-000834;KSM-SYN-REG-000834;заглушка;эллиптическая приварная;Заглушка эллиптическая приварная 159x6 13ХФА;Заглушка эллиптическая приварная 159x6 13ХФА;150;159;6;;;;160;13ХФА;К52;газ с H2S и CO2;requires_tu_lnd_passport;;;True;;У;ГОСТ 17379-2001;ГОСТ 17379-2001;47;pcs;True
SYN-REG-CARD-000835;MTR-SYN-REG-000835;KSM-SYN-REG-000835;заглушка;эллиптическая приварная;Заглушка эллиптическая приварная 219x8 13ХФА;Заглушка эллиптическая приварная 219x8 13ХФА;200;219;8;;;;25;13ХФА;К48;природный газ;requires_project_and_passport;;;True;True;УХЛ;ГОСТ 17379-2001;ГОСТ 17379-2001;60;pcs;True
SYN-REG-CARD-000836;MTR-SYN-REG-000836;KSM-SYN-REG-000836;заглушка;эллиптическая приварная;Заглушка эллиптическая приварная 219x8 09Г2С;Заглушка эллиптическая приварная 219x8 09Г2С;200;219;8;;;;63;09Г2С;К52;техническая вода;requires_project_and_passport;;;False;;УХЛ;ГОСТ 17379-2001;ГОСТ 17379-2001;60;pcs;True
SYN-REG-CARD-000837;MTR-SYN-REG-000837;KSM-SYN-REG-000837;заглушка;эллиптическая приварная;Заглушка эллиптическая приварная 89x4 13ХФА;Заглушка эллиптическая приварная 89x4 13ХФА;80;89;4;;;;63;13ХФА;К52;техническая вода;requires_project_and_passport;;;False;;УХЛ;ГОСТ 17379-2001;ГОСТ 17379-2001;37;pcs;True
SYN-REG-CARD-000838;MTR-SYN-REG-000838;KSM-SYN-REG-000838;заглушка;эллиптическая приварная;Заглушка эллиптическая приварная 325x10 09Г2С;Заглушка эллиптическая приварная 325x10 09Г2С;300;325;10;;;;160;09Г2С;К48;техническая вода;requires_project_and_passport;;;True;True;ХЛ;ГОСТ 17379-2001;ГОСТ 17379-2001;43;pcs;True
SYN-REG-CARD-000839;MTR-SYN-REG-000839;KSM-SYN-REG-000839;заглушка;эллиптическая приварная;Заглушка эллиптическая приварная 76x4 13ХФА;Заглушка эллиптическая приварная 76x4 13ХФА;65;76;4;;;;100;13ХФА;К56;газ с H2S и CO2;requires_tu_lnd_passport;;;;True;ХЛ;ГОСТ 17379-2001;ГОСТ 17379-2001;35;pcs;True
SYN-REG-CARD-000840;MTR-SYN-REG-000840;KSM-SYN-REG-000840;заглушка;эллиптическая приварная;Заглушка эллиптическая приварная 159x6 20;Заглушка эллиптическая приварная 159x6 20;150;159;6;;;;25;20;К56;коррозионно-активная среда;requires_tu_lnd_passport;;;False;True;УХЛ;ГОСТ 17379-2001;ГОСТ 17379-2001;7;pcs;True
SYN-REG-CARD-000841;MTR-SYN-REG-000841;KSM-SYN-REG-000841;заглушка;эллиптическая приварная;Заглушка эллиптическая приварная 325x10 09Г2С;Заглушка эллиптическая приварная 325x10 09Г2С;300;325;10;;;;63;09Г2С;К56;нефть;requires_project_and_passport;;;False;;У;ГОСТ 17379-2001;ГОСТ 17379-2001;34;pcs;True
SYN-REG-CARD-000842;MTR-SYN-REG-000842;KSM-SYN-REG-000842;заглушка;эллиптическая приварная;Заглушка эллиптическая приварная 108x4 20;Заглушка эллиптическая приварная 108x4 20;100;108;4;;;;25;20;К52;нефть;requires_project_and_passport;;;False;True;УХЛ;ГОСТ 17379-2001;ГОСТ 17379-2001;46;pcs;True
SYN-REG-CARD-000843;MTR-SYN-REG-000843;KSM-SYN-REG-000843;заглушка;эллиптическая приварная;Заглушка эллиптическая приварная 219x8 20;Заглушка эллиптическая приварная 219x8 20;200;219;8;;;;63;20;К42;газ с CO2;requires_tu_lnd_passport;;;;True;ХЛ;ГОСТ 17379-2001;ГОСТ 17379-2001;75;pcs;True
SYN-REG-CARD-000844;MTR-SYN-REG-000844;KSM-SYN-REG-000844;заглушка;эллиптическая приварная;Заглушка эллиптическая приварная 219x8 09Г2С;Заглушка эллиптическая приварная 219x8 09Г2С;200;219;8;;;;160;09Г2С;К48;газ с H2S и CO2;requires_tu_lnd_passport;;;True;True;УХЛ;ГОСТ 17379-2001;ГОСТ 17379-2001;60;pcs;True
SYN-REG-CARD-000845;MTR-SYN-REG-000845;KSM-SYN-REG-000845;заглушка;эллиптическая приварная;Заглушка эллиптическая приварная 325x10 09ГСФ;Заглушка эллиптическая приварная 325x10 09ГСФ;300;325;10;;;;100;09ГСФ;К42;нефть;requires_project_and_passport;;;False;True;У;ГОСТ 17379-2001;ГОСТ 17379-2001;19;pcs;True
SYN-REG-CARD-000846;MTR-SYN-REG-000846;KSM-SYN-REG-000846;заглушка;эллиптическая приварная;Заглушка эллиптическая приварная 325x10 09ГСФ;Заглушка эллиптическая приварная 325x10 09ГСФ;300;325;10;;;;16;09ГСФ;К56;коррозионно-активная среда;requires_tu_lnd_passport;;;;True;ХЛ;ГОСТ 17379-2001;ГОСТ 17379-2001;76;pcs;True
SYN-REG-CARD-000847;MTR-SYN-REG-000847;KSM-SYN-REG-000847;заглушка;эллиптическая приварная;Заглушка эллиптическая приварная 377x12 09ГСФ;Заглушка эллиптическая приварная 377x12 09ГСФ;350;377;12;;;;160;09ГСФ;К56;коррозионно-активная среда;requires_tu_lnd_passport;;;;;ХЛ;ГОСТ 17379-2001;ГОСТ 17379-2001;66;pcs;True
SYN-REG-CARD-000848;MTR-SYN-REG-000848;KSM-SYN-REG-000848;заглушка;эллиптическая приварная;Заглушка эллиптическая приварная 89x4 13ХФА;Заглушка эллиптическая приварная 89x4 13ХФА;80;89;4;;;;25;13ХФА;К48;коррозионно-активная среда;requires_tu_lnd_passport;;;True;True;УХЛ;ГОСТ 17379-2001;ГОСТ 17379-2001;46;pcs;True
SYN-REG-CARD-000849;MTR-SYN-REG-000849;KSM-SYN-REG-000849;заглушка;эллиптическая приварная;Заглушка эллиптическая приварная 159x6 09Г2С;Заглушка эллиптическая приварная 159x6 09Г2С;150;159;6;;;;160;09Г2С;К42;газ с H2S;requires_tu_lnd_passport;;;True;True;УХЛ;ГОСТ 17379-2001;ГОСТ 17379-2001;34;pcs;True
SYN-REG-CARD-000850;MTR-SYN-REG-000850;KSM-SYN-REG-000850;заглушка;эллиптическая приварная;Заглушка эллиптическая приварная 159x6 09ГСФ;Заглушка эллиптическая приварная 159x6 09ГСФ;150;159;6;;;;100;09ГСФ;К42;нефть;requires_project_and_passport;;;False;;УХЛ;ГОСТ 17379-2001;ГОСТ 17379-2001;30;pcs;True
SYN-REG-CARD-000851;MTR-SYN-REG-000851;KSM-SYN-REG-000851;заглушка;эллиптическая приварная;Заглушка эллиптическая приварная 273x10 09Г2С;Заглушка эллиптическая приварная 273x10 09Г2С;250;273;10;;;;16;09Г2С;К56;природный газ;requires_project_and_passport;;;False;True;У;ГОСТ 17379-2001;ГОСТ 17379-2001;1;pcs;True
SYN-REG-CARD-000852;MTR-SYN-REG-000852;KSM-SYN-REG-000852;заглушка;эллиптическая приварная;Заглушка эллиптическая приварная 76x4 09Г2С;Заглушка эллиптическая приварная 76x4 09Г2С;65;76;4;;;;25;09Г2С;К48;коррозионно-активная среда;requires_tu_lnd_passport;;;True;True;ХЛ;ГОСТ 17379-2001;ГОСТ 17379-2001;28;pcs;True
SYN-REG-CARD-000853;MTR-SYN-REG-000853;KSM-SYN-REG-000853;заглушка;эллиптическая приварная;Заглушка эллиптическая приварная 219x8 09ГСФ;Заглушка эллиптическая приварная 219x8 09ГСФ;200;219;8;;;;100;09ГСФ;К52;газ с H2S и CO2;requires_tu_lnd_passport;;;False;True;УХЛ;ГОСТ 17379-2001;ГОСТ 17379-2001;72;pcs;True
SYN-REG-CARD-000854;MTR-SYN-REG-000854;KSM-SYN-REG-000854;заглушка;эллиптическая приварная;Заглушка эллиптическая приварная 377x12 13ХФА;Заглушка эллиптическая приварная 377x12 13ХФА;350;377;12;;;;16;13ХФА;К48;газ с CO2;requires_tu_lnd_passport;;;;True;УХЛ;ГОСТ 17379-2001;ГОСТ 17379-2001;36;pcs;True
SYN-REG-CARD-000855;MTR-SYN-REG-000855;KSM-SYN-REG-000855;заглушка;эллиптическая приварная;Заглушка эллиптическая приварная 76x4 20;Заглушка эллиптическая приварная 76x4 20;65;76;4;;;;63;20;К42;коррозионно-активная среда;requires_tu_lnd_passport;;;True;;УХЛ;ГОСТ 17379-2001;ГОСТ 17379-2001;61;pcs;True
SYN-REG-CARD-000856;MTR-SYN-REG-000856;KSM-SYN-REG-000856;заглушка;эллиптическая приварная;Заглушка эллиптическая приварная 273x10 13ХФА;Заглушка эллиптическая приварная 273x10 13ХФА;250;273;10;;;;25;13ХФА;К52;газ с H2S и CO2;requires_tu_lnd_passport;;;False;True;УХЛ;ГОСТ 17379-2001;ГОСТ 17379-2001;11;pcs;True
SYN-REG-CARD-000857;MTR-SYN-REG-000857;KSM-SYN-REG-000857;заглушка;эллиптическая приварная;Заглушка эллиптическая приварная 133x5 20;Заглушка эллиптическая приварная 133x5 20;125;133;5;;;;25;20;К56;природный газ;requires_project_and_passport;;;;True;УХЛ;ГОСТ 17379-2001;ГОСТ 17379-2001;24;pcs;True
SYN-REG-CARD-000858;MTR-SYN-REG-000858;KSM-SYN-REG-000858;заглушка;эллиптическая приварная;Заглушка эллиптическая приварная 57x3 09Г2С;Заглушка эллиптическая приварная 57x3 09Г2С;50;57;3;;;;40;09Г2С;К52;природный газ;requires_project_and_passport;;;False;True;У;ГОСТ 17379-2001;ГОСТ 17379-2001;37;pcs;True
SYN-REG-CARD-000859;MTR-SYN-REG-000859;KSM-SYN-REG-000859;заглушка;эллиптическая приварная;Заглушка эллиптическая приварная 89x4 20;Заглушка эллиптическая приварная 89x4 20;80;89;4;;;;25;20;К48;коррозионно-активная среда;requires_tu_lnd_passport;;;True;True;УХЛ;ГОСТ 17379-2001;ГОСТ 17379-2001;71;pcs;True
SYN-REG-CARD-000860;MTR-SYN-REG-000860;KSM-SYN-REG-000860;заглушка;эллиптическая приварная;Заглушка эллиптическая приварная 159x6 09Г2С;Заглушка эллиптическая приварная 159x6 09Г2С;150;159;6;;;;40;09Г2С;К56;природный газ;requires_project_and_passport;;;;True;ХЛ;ГОСТ 17379-2001;ГОСТ 17379-2001;41;pcs;True
SYN-REG-CARD-000861;MTR-SYN-REG-000861;KSM-SYN-REG-000861;заглушка;эллиптическая приварная;Заглушка эллиптическая приварная 89x4 09Г2С;Заглушка эллиптическая приварная 89x4 09Г2С;80;89;4;;;;63;09Г2С;К52;газ с H2S и CO2;requires_tu_lnd_passport;;;False;True;ХЛ;ГОСТ 17379-2001;ГОСТ 17379-2001;14;pcs;True
SYN-REG-CARD-000862;MTR-SYN-REG-000862;KSM-SYN-REG-000862;заглушка;эллиптическая приварная;Заглушка эллиптическая приварная 159x6 13ХФА;Заглушка эллиптическая приварная 159x6 13ХФА;150;159;6;;;;160;13ХФА;К56;природный газ;requires_project_and_passport;;;False;True;У;ГОСТ 17379-2001;ГОСТ 17379-2001;56;pcs;True
SYN-REG-CARD-000863;MTR-SYN-REG-000863;KSM-SYN-REG-000863;заглушка;эллиптическая приварная;Заглушка эллиптическая приварная 219x8 13ХФА;Заглушка эллиптическая приварная 219x8 13ХФА;200;219;8;;;;63;13ХФА;К56;природный газ;requires_project_and_passport;;;True;True;У;ГОСТ 17379-2001;ГОСТ 17379-2001;74;pcs;True
SYN-REG-CARD-000864;MTR-SYN-REG-000864;KSM-SYN-REG-000864;заглушка;эллиптическая приварная;Заглушка эллиптическая приварная 89x4 13ХФА;Заглушка эллиптическая приварная 89x4 13ХФА;80;89;4;;;;100;13ХФА;К52;газ с H2S и CO2;requires_tu_lnd_passport;;;True;;У;ГОСТ 17379-2001;ГОСТ 17379-2001;8;pcs;True
SYN-REG-CARD-000865;MTR-SYN-REG-000865;KSM-SYN-REG-000865;заглушка;эллиптическая приварная;Заглушка эллиптическая приварная 89x4 20;Заглушка эллиптическая приварная 89x4 20;80;89;4;;;;100;20;К56;техническая вода;requires_project_and_passport;;;False;True;УХЛ;ГОСТ 17379-2001;ГОСТ 17379-2001;4;pcs;True
SYN-REG-CARD-000866;MTR-SYN-REG-000866;KSM-SYN-REG-000866;заглушка;эллиптическая приварная;Заглушка эллиптическая приварная 76x4 09ГСФ;Заглушка эллиптическая приварная 76x4 09ГСФ;65;76;4;;;;40;09ГСФ;К52;природный газ;requires_project_and_passport;;;True;True;У;ГОСТ 17379-2001;ГОСТ 17379-2001;54;pcs;True
SYN-REG-CARD-000867;MTR-SYN-REG-000867;KSM-SYN-REG-000867;заглушка;эллиптическая приварная;Заглушка эллиптическая приварная 159x6 20;Заглушка эллиптическая приварная 159x6 20;150;159;6;;;;100;20;К42;газ с H2S;requires_tu_lnd_passport;;;;True;У;ГОСТ 17379-2001;ГОСТ 17379-2001;55;pcs;True
SYN-REG-CARD-000868;MTR-SYN-REG-000868;KSM-SYN-REG-000868;заглушка;эллиптическая приварная;Заглушка эллиптическая приварная 219x8 13ХФА;Заглушка эллиптическая приварная 219x8 13ХФА;200;219;8;;;;16;13ХФА;К56;газ с H2S;requires_tu_lnd_passport;;;;;УХЛ;ГОСТ 17379-2001;ГОСТ 17379-2001;5;pcs;True
SYN-REG-CARD-000869;MTR-SYN-REG-000869;KSM-SYN-REG-000869;заглушка;эллиптическая приварная;Заглушка эллиптическая приварная 325x10 09ГСФ;Заглушка эллиптическая приварная 325x10 09ГСФ;300;325;10;;;;25;09ГСФ;К42;газ с H2S и CO2;requires_tu_lnd_passport;;;False;;ХЛ;ГОСТ 17379-2001;ГОСТ 17379-2001;19;pcs;True
SYN-REG-CARD-000870;MTR-SYN-REG-000870;KSM-SYN-REG-000870;заглушка;эллиптическая приварная;Заглушка эллиптическая приварная 89x4 09Г2С;Заглушка эллиптическая приварная 89x4 09Г2С;80;89;4;;;;63;09Г2С;К56;газ с H2S и CO2;requires_tu_lnd_passport;;;;True;У;ГОСТ 17379-2001;ГОСТ 17379-2001;37;pcs;True
SYN-REG-CARD-000871;MTR-SYN-REG-000871;KSM-SYN-REG-000871;тройник;равнопроходной;Тройник равнопроходной 57x3-57x3 09Г2С;Тройник равнопроходной 57x3-57x3 09Г2С;50;;;;;;25;09Г2С;К42;техническая вода;requires_project_and_passport;;;False;;У;ГОСТ 17376-2001;ГОСТ 17376-2001;26;pcs;True
SYN-REG-CARD-000872;MTR-SYN-REG-000872;KSM-SYN-REG-000872;тройник;переходный;Тройник переходный 426x12-325x10 13ХФА;Тройник переходный 426x12-325x10 13ХФА;400;;;;;;160;13ХФА;К42;природный газ;requires_project_and_passport;;;True;True;ХЛ;ГОСТ 17376-2001;ГОСТ 17376-2001;1;pcs;True
SYN-REG-CARD-000873;MTR-SYN-REG-000873;KSM-SYN-REG-000873;тройник;переходный;Тройник переходный 108x4-76x4 09Г2С;Тройник переходный 108x4-76x4 09Г2С;100;;;;;;100;09Г2С;К56;техническая вода;requires_project_and_passport;;;True;False;ХЛ;ГОСТ 17376-2001;ГОСТ 17376-2001;14;pcs;True
SYN-REG-CARD-000874;MTR-SYN-REG-000874;KSM-SYN-REG-000874;тройник;равнопроходной;Тройник равнопроходной 57x3-57x3 09Г2С;Тройник равнопроходной 57x3-57x3 09Г2С;50;;;;;;25;09Г2С;К42;газ с CO2;requires_tu_lnd_passport;;;False;;ХЛ;ГОСТ 17376-2001;ГОСТ 17376-2001;42;pcs;True
SYN-REG-CARD-000875;MTR-SYN-REG-000875;KSM-SYN-REG-000875;тройник;переходный;Тройник переходный 159x6-108x4 13ХФА;Тройник переходный 159x6-108x4 13ХФА;150;;;;;;160;13ХФА;К52;нефть;requires_project_and_passport;;;False;False;У;ГОСТ 17376-2001;ГОСТ 17376-2001;57;pcs;True
SYN-REG-CARD-000876;MTR-SYN-REG-000876;KSM-SYN-REG-000876;тройник;переходный;Тройник переходный 426x12-325x10 13ХФА;Тройник переходный 426x12-325x10 13ХФА;400;;;;;;100;13ХФА;К48;газ с H2S;requires_tu_lnd_passport;;;False;False;УХЛ;ГОСТ 17376-2001;ГОСТ 17376-2001;9;pcs;True
SYN-REG-CARD-000877;MTR-SYN-REG-000877;KSM-SYN-REG-000877;тройник;равнопроходной;Тройник равнопроходной 325x10-325x10 13ХФА;Тройник равнопроходной 325x10-325x10 13ХФА;300;;;;;;160;13ХФА;К56;газ с CO2;requires_tu_lnd_passport;;;;True;УХЛ;ГОСТ 17376-2001;ГОСТ 17376-2001;72;pcs;True
SYN-REG-CARD-000878;MTR-SYN-REG-000878;KSM-SYN-REG-000878;тройник;переходный;Тройник переходный 89x4-57x3 09ГСФ;Тройник переходный 89x4-57x3 09ГСФ;80;;;;;;25;09ГСФ;К48;газ с CO2;requires_tu_lnd_passport;;;;True;У;ГОСТ 17376-2001;ГОСТ 17376-2001;31;pcs;True
SYN-REG-CARD-000879;MTR-SYN-REG-000879;KSM-SYN-REG-000879;тройник;переходный;Тройник переходный 76x4-57x3 09Г2С;Тройник переходный 76x4-57x3 09Г2С;65;;;;;;40;09Г2С;К52;природный газ;requires_project_and_passport;;;False;;УХЛ;ГОСТ 17376-2001;ГОСТ 17376-2001;3;pcs;True
SYN-REG-CARD-000880;MTR-SYN-REG-000880;KSM-SYN-REG-000880;тройник;переходный;Тройник переходный 89x4-57x3 20;Тройник переходный 89x4-57x3 20;80;;;;;;25;20;К52;газ с H2S и CO2;requires_tu_lnd_passport;;;False;True;ХЛ;ГОСТ 17376-2001;ГОСТ 17376-2001;69;pcs;True
SYN-REG-CARD-000881;MTR-SYN-REG-000881;KSM-SYN-REG-000881;тройник;переходный;Тройник переходный 133x5-89x4 20;Тройник переходный 133x5-89x4 20;125;;;;;;100;20;К56;газ с H2S;requires_tu_lnd_passport;;;;True;У;ГОСТ 17376-2001;ГОСТ 17376-2001;27;pcs;True
SYN-REG-CARD-000882;MTR-SYN-REG-000882;KSM-SYN-REG-000882;тройник;переходный;Тройник переходный 426x12-325x10 09Г2С;Тройник переходный 426x12-325x10 09Г2С;400;;;;;;63;09Г2С;К52;природный газ;requires_project_and_passport;;;;True;ХЛ;ГОСТ 17376-2001;ГОСТ 17376-2001;3;pcs;True
SYN-REG-CARD-000883;MTR-SYN-REG-000883;KSM-SYN-REG-000883;тройник;равнопроходной;Тройник равнопроходной 108x4-108x4 13ХФА;Тройник равнопроходной 108x4-108x4 13ХФА;100;;;;;;63;13ХФА;К52;газ с CO2;requires_tu_lnd_passport;;;;True;У;ГОСТ 17376-2001;ГОСТ 17376-2001;27;pcs;True
SYN-REG-CARD-000884;MTR-SYN-REG-000884;KSM-SYN-REG-000884;тройник;переходный;Тройник переходный 159x6-108x4 20;Тройник переходный 159x6-108x4 20;150;;;;;;160;20;К42;техническая вода;requires_project_and_passport;;;True;;ХЛ;ГОСТ 17376-2001;ГОСТ 17376-2001;41;pcs;True
SYN-REG-CARD-000885;MTR-SYN-REG-000885;KSM-SYN-REG-000885;тройник;равнопроходной;Тройник равнопроходной 325x10-325x10 09ГСФ;Тройник равнопроходной 325x10-325x10 09ГСФ;300;;;;;;25;09ГСФ;К48;газ с H2S;requires_tu_lnd_passport;;;True;True;У;ГОСТ 17376-2001;ГОСТ 17376-2001;80;pcs;True
SYN-REG-CARD-000886;MTR-SYN-REG-000886;KSM-SYN-REG-000886;тройник;равнопроходной;Тройник равнопроходной 273x10-273x10 20;Тройник равнопроходной 273x10-273x10 20;250;;;;;;40;20;К56;техническая вода;requires_project_and_passport;;;True;;УХЛ;ГОСТ 17376-2001;ГОСТ 17376-2001;43;pcs;True
SYN-REG-CARD-000887;MTR-SYN-REG-000887;KSM-SYN-REG-000887;тройник;переходный;Тройник переходный 325x10-219x8 13ХФА;Тройник переходный 325x10-219x8 13ХФА;300;;;;;;25;13ХФА;К56;газ с H2S и CO2;requires_tu_lnd_passport;;;True;False;ХЛ;ГОСТ 17376-2001;ГОСТ 17376-2001;38;pcs;True
SYN-REG-CARD-000888;MTR-SYN-REG-000888;KSM-SYN-REG-000888;тройник;переходный;Тройник переходный 133x5-89x4 13ХФА;Тройник переходный 133x5-89x4 13ХФА;125;;;;;;160;13ХФА;К56;газ с H2S;requires_tu_lnd_passport;;;False;True;УХЛ;ГОСТ 17376-2001;ГОСТ 17376-2001;37;pcs;True
SYN-REG-CARD-000889;MTR-SYN-REG-000889;KSM-SYN-REG-000889;тройник;равнопроходной;Тройник равнопроходной 133x5-133x5 09ГСФ;Тройник равнопроходной 133x5-133x5 09ГСФ;125;;;;;;16;09ГСФ;К48;газ с H2S и CO2;requires_tu_lnd_passport;;;False;True;УХЛ;ГОСТ 17376-2001;ГОСТ 17376-2001;68;pcs;True
SYN-REG-CARD-000890;MTR-SYN-REG-000890;KSM-SYN-REG-000890;тройник;переходный;Тройник переходный 273x10-219x8 20;Тройник переходный 273x10-219x8 20;250;;;;;;25;20;К52;газ с H2S;requires_tu_lnd_passport;;;False;;УХЛ;ГОСТ 17376-2001;ГОСТ 17376-2001;36;pcs;True
SYN-REG-CARD-000891;MTR-SYN-REG-000891;KSM-SYN-REG-000891;тройник;равнопроходной;Тройник равнопроходной 159x6-159x6 09Г2С;Тройник равнопроходной 159x6-159x6 09Г2С;150;;;;;;160;09Г2С;К48;техническая вода;requires_project_and_passport;;;False;;ХЛ;ГОСТ 17376-2001;ГОСТ 17376-2001;2;pcs;True
SYN-REG-CARD-000892;MTR-SYN-REG-000892;KSM-SYN-REG-000892;тройник;переходный;Тройник переходный 76x4-57x3 13ХФА;Тройник переходный 76x4-57x3 13ХФА;65;;;;;;160;13ХФА;К48;коррозионно-активная среда;requires_tu_lnd_passport;;;False;;ХЛ;ГОСТ 17376-2001;ГОСТ 17376-2001;1;pcs;True
SYN-REG-CARD-000893;MTR-SYN-REG-000893;KSM-SYN-REG-000893;тройник;равнопроходной;Тройник равнопроходной 219x8-219x8 09Г2С;Тройник равнопроходной 219x8-219x8 09Г2С;200;;;;;;25;09Г2С;К48;нефть;requires_project_and_passport;;;False;True;ХЛ;ГОСТ 17376-2001;ГОСТ 17376-2001;25;pcs;True
SYN-REG-CARD-000894;MTR-SYN-REG-000894;KSM-SYN-REG-000894;тройник;равнопроходной;Тройник равнопроходной 325x10-325x10 20;Тройник равнопроходной 325x10-325x10 20;300;;;;;;63;20;К52;нефть;requires_project_and_passport;;;False;False;У;ГОСТ 17376-2001;ГОСТ 17376-2001;34;pcs;True
SYN-REG-CARD-000895;MTR-SYN-REG-000895;KSM-SYN-REG-000895;тройник;равнопроходной;Тройник равнопроходной 76x4-76x4 13ХФА;Тройник равнопроходной 76x4-76x4 13ХФА;65;;;;;;16;13ХФА;К48;нефть;requires_project_and_passport;;;False;;ХЛ;ГОСТ 17376-2001;ГОСТ 17376-2001;66;pcs;True
SYN-REG-CARD-000896;MTR-SYN-REG-000896;KSM-SYN-REG-000896;тройник;переходный;Тройник переходный 273x10-219x8 09ГСФ;Тройник переходный 273x10-219x8 09ГСФ;250;;;;;;25;09ГСФ;К48;природный газ;requires_project_and_passport;;;True;;ХЛ;ГОСТ 17376-2001;ГОСТ 17376-2001;51;pcs;True
SYN-REG-CARD-000897;MTR-SYN-REG-000897;KSM-SYN-REG-000897;тройник;переходный;Тройник переходный 76x4-57x3 09Г2С;Тройник переходный 76x4-57x3 09Г2С;65;;;;;;160;09Г2С;К52;газ с H2S и CO2;requires_tu_lnd_passport;;;True;True;ХЛ;ГОСТ 17376-2001;ГОСТ 17376-2001;43;pcs;True
SYN-REG-CARD-000898;MTR-SYN-REG-000898;KSM-SYN-REG-000898;тройник;переходный;Тройник переходный 133x5-89x4 20;Тройник переходный 133x5-89x4 20;125;;;;;;16;20;К52;газ с H2S;requires_tu_lnd_passport;;;False;True;У;ГОСТ 17376-2001;ГОСТ 17376-2001;66;pcs;True
SYN-REG-CARD-000899;MTR-SYN-REG-000899;KSM-SYN-REG-000899;тройник;равнопроходной;Тройник равнопроходной 426x12-426x12 20;Тройник равнопроходной 426x12-426x12 20;400;;;;;;16;20;К52;нефть;requires_project_and_passport;;;False;;ХЛ;ГОСТ 17376-2001;ГОСТ 17376-2001;66;pcs;True
SYN-REG-CARD-000900;MTR-SYN-REG-000900;KSM-SYN-REG-000900;тройник;равнопроходной;Тройник равнопроходной 133x5-133x5 20;Тройник равнопроходной 133x5-133x5 20;125;;;;;;100;20;К56;газ с H2S и CO2;requires_tu_lnd_passport;;;False;True;ХЛ;ГОСТ 17376-2001;ГОСТ 17376-2001;77;pcs;True
SYN-REG-CARD-000901;MTR-SYN-REG-000901;KSM-SYN-REG-000901;тройник;равнопроходной;Тройник равнопроходной 325x10-325x10 09ГСФ;Тройник равнопроходной 325x10-325x10 09ГСФ;300;;;;;;25;09ГСФ;К48;газ с CO2;requires_tu_lnd_passport;;;True;True;УХЛ;ГОСТ 17376-2001;ГОСТ 17376-2001;49;pcs;True
SYN-REG-CARD-000902;MTR-SYN-REG-000902;KSM-SYN-REG-000902;тройник;переходный;Тройник переходный 133x5-89x4 13ХФА;Тройник переходный 133x5-89x4 13ХФА;125;;;;;;63;13ХФА;К52;техническая вода;requires_project_and_passport;;;True;False;ХЛ;ГОСТ 17376-2001;ГОСТ 17376-2001;34;pcs;True
SYN-REG-CARD-000903;MTR-SYN-REG-000903;KSM-SYN-REG-000903;тройник;равнопроходной;Тройник равнопроходной 133x5-133x5 09ГСФ;Тройник равнопроходной 133x5-133x5 09ГСФ;125;;;;;;160;09ГСФ;К48;газ с H2S и CO2;requires_tu_lnd_passport;;;False;;ХЛ;ГОСТ 17376-2001;ГОСТ 17376-2001;34;pcs;True
SYN-REG-CARD-000904;MTR-SYN-REG-000904;KSM-SYN-REG-000904;тройник;равнопроходной;Тройник равнопроходной 273x10-273x10 09Г2С;Тройник равнопроходной 273x10-273x10 09Г2С;250;;;;;;25;09Г2С;К48;техническая вода;requires_project_and_passport;;;True;True;ХЛ;ГОСТ 17376-2001;ГОСТ 17376-2001;62;pcs;True
SYN-REG-CARD-000905;MTR-SYN-REG-000905;KSM-SYN-REG-000905;тройник;переходный;Тройник переходный 159x6-108x4 20;Тройник переходный 159x6-108x4 20;150;;;;;;16;20;К56;газ с H2S;requires_tu_lnd_passport;;;False;True;УХЛ;ГОСТ 17376-2001;ГОСТ 17376-2001;64;pcs;True
SYN-REG-CARD-000906;MTR-SYN-REG-000906;KSM-SYN-REG-000906;тройник;равнопроходной;Тройник равнопроходной 325x10-325x10 09ГСФ;Тройник равнопроходной 325x10-325x10 09ГСФ;300;;;;;;160;09ГСФ;К48;природный газ;requires_project_and_passport;;;True;;ХЛ;ГОСТ 17376-2001;ГОСТ 17376-2001;40;pcs;True
SYN-REG-CARD-000907;MTR-SYN-REG-000907;KSM-SYN-REG-000907;тройник;переходный;Тройник переходный 273x10-219x8 20;Тройник переходный 273x10-219x8 20;250;;;;;;100;20;К56;нефть;requires_project_and_passport;;;False;True;УХЛ;ГОСТ 17376-2001;ГОСТ 17376-2001;71;pcs;True
SYN-REG-CARD-000908;MTR-SYN-REG-000908;KSM-SYN-REG-000908;тройник;переходный;Тройник переходный 159x6-108x4 20;Тройник переходный 159x6-108x4 20;150;;;;;;160;20;К48;газ с H2S;requires_tu_lnd_passport;;;False;True;УХЛ;ГОСТ 17376-2001;ГОСТ 17376-2001;61;pcs;True
SYN-REG-CARD-000909;MTR-SYN-REG-000909;KSM-SYN-REG-000909;тройник;равнопроходной;Тройник равнопроходной 57x3-57x3 13ХФА;Тройник равнопроходной 57x3-57x3 13ХФА;50;;;;;;63;13ХФА;К56;газ с H2S;requires_tu_lnd_passport;;;True;True;У;ГОСТ 17376-2001;ГОСТ 17376-2001;30;pcs;True
SYN-REG-CARD-000910;MTR-SYN-REG-000910;KSM-SYN-REG-000910;тройник;переходный;Тройник переходный 219x8-159x6 09ГСФ;Тройник переходный 219x8-159x6 09ГСФ;200;;;;;;25;09ГСФ;К48;газ с H2S и CO2;requires_tu_lnd_passport;;;False;False;УХЛ;ГОСТ 17376-2001;ГОСТ 17376-2001;62;pcs;True
SYN-REG-CARD-000911;MTR-SYN-REG-000911;KSM-SYN-REG-000911;тройник;переходный;Тройник переходный 426x12-325x10 13ХФА;Тройник переходный 426x12-325x10 13ХФА;400;;;;;;40;13ХФА;К42;газ с H2S;requires_tu_lnd_passport;;;;True;У;ГОСТ 17376-2001;ГОСТ 17376-2001;28;pcs;True
SYN-REG-CARD-000912;MTR-SYN-REG-000912;KSM-SYN-REG-000912;тройник;равнопроходной;Тройник равнопроходной 219x8-219x8 13ХФА;Тройник равнопроходной 219x8-219x8 13ХФА;200;;;;;;40;13ХФА;К52;природный газ;requires_project_and_passport;;;;True;ХЛ;ГОСТ 17376-2001;ГОСТ 17376-2001;0;pcs;True
SYN-REG-CARD-000913;MTR-SYN-REG-000913;KSM-SYN-REG-000913;тройник;равнопроходной;Тройник равнопроходной 273x10-273x10 09ГСФ;Тройник равнопроходной 273x10-273x10 09ГСФ;250;;;;;;25;09ГСФ;К56;газ с CO2;requires_tu_lnd_passport;;;;False;ХЛ;ГОСТ 17376-2001;ГОСТ 17376-2001;4;pcs;True
SYN-REG-CARD-000914;MTR-SYN-REG-000914;KSM-SYN-REG-000914;тройник;переходный;Тройник переходный 76x4-57x3 09ГСФ;Тройник переходный 76x4-57x3 09ГСФ;65;;;;;;160;09ГСФ;К56;техническая вода;requires_project_and_passport;;;False;True;ХЛ;ГОСТ 17376-2001;ГОСТ 17376-2001;35;pcs;True
SYN-REG-CARD-000915;MTR-SYN-REG-000915;KSM-SYN-REG-000915;тройник;переходный;Тройник переходный 108x4-76x4 20;Тройник переходный 108x4-76x4 20;100;;;;;;63;20;К52;природный газ;requires_project_and_passport;;;True;True;У;ГОСТ 17376-2001;ГОСТ 17376-2001;27;pcs;True
SYN-REG-CARD-000916;MTR-SYN-REG-000916;KSM-SYN-REG-000916;тройник;переходный;Тройник переходный 273x10-219x8 09ГСФ;Тройник переходный 273x10-219x8 09ГСФ;250;;;;;;63;09ГСФ;К48;техническая вода;requires_project_and_passport;;;False;True;ХЛ;ГОСТ 17376-2001;ГОСТ 17376-2001;4;pcs;True
SYN-REG-CARD-000917;MTR-SYN-REG-000917;KSM-SYN-REG-000917;тройник;переходный;Тройник переходный 273x10-219x8 09Г2С;Тройник переходный 273x10-219x8 09Г2С;250;;;;;;100;09Г2С;К42;коррозионно-активная среда;requires_tu_lnd_passport;;;;False;ХЛ;ГОСТ 17376-2001;ГОСТ 17376-2001;77;pcs;True
SYN-REG-CARD-000918;MTR-SYN-REG-000918;KSM-SYN-REG-000918;тройник;равнопроходной;Тройник равнопроходной 133x5-133x5 20;Тройник равнопроходной 133x5-133x5 20;125;;;;;;160;20;К56;природный газ;requires_project_and_passport;;;False;;УХЛ;ГОСТ 17376-2001;ГОСТ 17376-2001;74;pcs;True
SYN-REG-CARD-000919;MTR-SYN-REG-000919;KSM-SYN-REG-000919;тройник;равнопроходной;Тройник равнопроходной 159x6-159x6 09Г2С;Тройник равнопроходной 159x6-159x6 09Г2С;150;;;;;;40;09Г2С;К48;газ с H2S и CO2;requires_tu_lnd_passport;;;False;True;У;ГОСТ 17376-2001;ГОСТ 17376-2001;40;pcs;True
SYN-REG-CARD-000920;MTR-SYN-REG-000920;KSM-SYN-REG-000920;тройник;равнопроходной;Тройник равнопроходной 133x5-133x5 13ХФА;Тройник равнопроходной 133x5-133x5 13ХФА;125;;;;;;40;13ХФА;К56;коррозионно-активная среда;requires_tu_lnd_passport;;;True;True;УХЛ;ГОСТ 17376-2001;ГОСТ 17376-2001;19;pcs;True
SYN-REG-CARD-000921;MTR-SYN-REG-000921;KSM-SYN-REG-000921;тройник;переходный;Тройник переходный 76x4-57x3 09Г2С;Тройник переходный 76x4-57x3 09Г2С;65;;;;;;40;09Г2С;К56;природный газ;requires_project_and_passport;;;False;;У;ГОСТ 17376-2001;ГОСТ 17376-2001;78;pcs;True
SYN-REG-CARD-000922;MTR-SYN-REG-000922;KSM-SYN-REG-000922;тройник;равнопроходной;Тройник равнопроходной 89x4-89x4 13ХФА;Тройник равнопроходной 89x4-89x4 13ХФА;80;;;;;;160;13ХФА;К42;нефть;requires_project_and_passport;;;;False;У;ГОСТ 17376-2001;ГОСТ 17376-2001;40;pcs;True
SYN-REG-CARD-000923;MTR-SYN-REG-000923;KSM-SYN-REG-000923;тройник;переходный;Тройник переходный 426x12-325x10 20;Тройник переходный 426x12-325x10 20;400;;;;;;25;20;К42;газ с CO2;requires_tu_lnd_passport;;;;True;УХЛ;ГОСТ 17376-2001;ГОСТ 17376-2001;22;pcs;True
SYN-REG-CARD-000924;MTR-SYN-REG-000924;KSM-SYN-REG-000924;тройник;равнопроходной;Тройник равнопроходной 57x3-57x3 09Г2С;Тройник равнопроходной 57x3-57x3 09Г2С;50;;;;;;63;09Г2С;К52;техническая вода;requires_project_and_passport;;;True;False;У;ГОСТ 17376-2001;ГОСТ 17376-2001;36;pcs;True
SYN-REG-CARD-000925;MTR-SYN-REG-000925;KSM-SYN-REG-000925;тройник;равнопроходной;Тройник равнопроходной 76x4-76x4 13ХФА;Тройник равнопроходной 76x4-76x4 13ХФА;65;;;;;;25;13ХФА;К56;газ с H2S;requires_tu_lnd_passport;;;True;False;ХЛ;ГОСТ 17376-2001;ГОСТ 17376-2001;25;pcs;True
SYN-REG-CARD-000926;MTR-SYN-REG-000926;KSM-SYN-REG-000926;тройник;переходный;Тройник переходный 76x4-57x3 20;Тройник переходный 76x4-57x3 20;65;;;;;;63;20;К42;газ с H2S и CO2;requires_tu_lnd_passport;;;;True;У;ГОСТ 17376-2001;ГОСТ 17376-2001;0;pcs;True
SYN-REG-CARD-000927;MTR-SYN-REG-000927;KSM-SYN-REG-000927;тройник;переходный;Тройник переходный 133x5-89x4 13ХФА;Тройник переходный 133x5-89x4 13ХФА;125;;;;;;16;13ХФА;К52;природный газ;requires_project_and_passport;;;False;True;УХЛ;ГОСТ 17376-2001;ГОСТ 17376-2001;19;pcs;True
SYN-REG-CARD-000928;MTR-SYN-REG-000928;KSM-SYN-REG-000928;тройник;равнопроходной;Тройник равнопроходной 273x10-273x10 09Г2С;Тройник равнопроходной 273x10-273x10 09Г2С;250;;;;;;16;09Г2С;К42;газ с H2S и CO2;requires_tu_lnd_passport;;;False;False;ХЛ;ГОСТ 17376-2001;ГОСТ 17376-2001;62;pcs;True
SYN-REG-CARD-000929;MTR-SYN-REG-000929;KSM-SYN-REG-000929;тройник;равнопроходной;Тройник равнопроходной 133x5-133x5 09Г2С;Тройник равнопроходной 133x5-133x5 09Г2С;125;;;;;;63;09Г2С;К56;газ с H2S;requires_tu_lnd_passport;;;True;True;У;ГОСТ 17376-2001;ГОСТ 17376-2001;65;pcs;True
SYN-REG-CARD-000930;MTR-SYN-REG-000930;KSM-SYN-REG-000930;тройник;переходный;Тройник переходный 76x4-57x3 09Г2С;Тройник переходный 76x4-57x3 09Г2С;65;;;;;;16;09Г2С;К42;коррозионно-активная среда;requires_tu_lnd_passport;;;False;True;У;ГОСТ 17376-2001;ГОСТ 17376-2001;37;pcs;True
SYN-REG-CARD-000931;MTR-SYN-REG-000931;KSM-SYN-REG-000931;тройник;равнопроходной;Тройник равнопроходной 159x6-159x6 09ГСФ;Тройник равнопроходной 159x6-159x6 09ГСФ;150;;;;;;63;09ГСФ;К48;природный газ;requires_project_and_passport;;;True;True;УХЛ;ГОСТ 17376-2001;ГОСТ 17376-2001;74;pcs;True
SYN-REG-CARD-000932;MTR-SYN-REG-000932;KSM-SYN-REG-000932;тройник;равнопроходной;Тройник равнопроходной 57x3-57x3 09Г2С;Тройник равнопроходной 57x3-57x3 09Г2С;50;;;;;;63;09Г2С;К48;газ с H2S;requires_tu_lnd_passport;;;True;False;УХЛ;ГОСТ 17376-2001;ГОСТ 17376-2001;5;pcs;True
SYN-REG-CARD-000933;MTR-SYN-REG-000933;KSM-SYN-REG-000933;тройник;равнопроходной;Тройник равнопроходной 219x8-219x8 09Г2С;Тройник равнопроходной 219x8-219x8 09Г2С;200;;;;;;160;09Г2С;К56;нефть;requires_project_and_passport;;;;True;ХЛ;ГОСТ 17376-2001;ГОСТ 17376-2001;65;pcs;True
SYN-REG-CARD-000934;MTR-SYN-REG-000934;KSM-SYN-REG-000934;тройник;переходный;Тройник переходный 426x12-325x10 13ХФА;Тройник переходный 426x12-325x10 13ХФА;400;;;;;;100;13ХФА;К48;нефть;requires_project_and_passport;;;False;False;ХЛ;ГОСТ 17376-2001;ГОСТ 17376-2001;75;pcs;True
SYN-REG-CARD-000935;MTR-SYN-REG-000935;KSM-SYN-REG-000935;тройник;переходный;Тройник переходный 325x10-219x8 13ХФА;Тройник переходный 325x10-219x8 13ХФА;300;;;;;;25;13ХФА;К48;техническая вода;requires_project_and_passport;;;False;True;У;ГОСТ 17376-2001;ГОСТ 17376-2001;43;pcs;True
SYN-REG-CARD-000936;MTR-SYN-REG-000936;KSM-SYN-REG-000936;тройник;переходный;Тройник переходный 76x4-57x3 20;Тройник переходный 76x4-57x3 20;65;;;;;;100;20;К56;газ с CO2;requires_tu_lnd_passport;;;False;;УХЛ;ГОСТ 17376-2001;ГОСТ 17376-2001;24;pcs;True
SYN-REG-CARD-000937;MTR-SYN-REG-000937;KSM-SYN-REG-000937;тройник;переходный;Тройник переходный 108x4-76x4 09Г2С;Тройник переходный 108x4-76x4 09Г2С;100;;;;;;63;09Г2С;К42;природный газ;requires_project_and_passport;;;True;;УХЛ;ГОСТ 17376-2001;ГОСТ 17376-2001;0;pcs;True
SYN-REG-CARD-000938;MTR-SYN-REG-000938;KSM-SYN-REG-000938;тройник;равнопроходной;Тройник равнопроходной 89x4-89x4 09ГСФ;Тройник равнопроходной 89x4-89x4 09ГСФ;80;;;;;;160;09ГСФ;К48;коррозионно-активная среда;requires_tu_lnd_passport;;;;True;УХЛ;ГОСТ 17376-2001;ГОСТ 17376-2001;31;pcs;True
SYN-REG-CARD-000939;MTR-SYN-REG-000939;KSM-SYN-REG-000939;тройник;переходный;Тройник переходный 133x5-89x4 09Г2С;Тройник переходный 133x5-89x4 09Г2С;125;;;;;;160;09Г2С;К52;газ с H2S;requires_tu_lnd_passport;;;False;True;У;ГОСТ 17376-2001;ГОСТ 17376-2001;26;pcs;True
SYN-REG-CARD-000940;MTR-SYN-REG-000940;KSM-SYN-REG-000940;тройник;равнопроходной;Тройник равнопроходной 159x6-159x6 13ХФА;Тройник равнопроходной 159x6-159x6 13ХФА;150;;;;;;25;13ХФА;К48;нефть;requires_project_and_passport;;;False;;УХЛ;ГОСТ 17376-2001;ГОСТ 17376-2001;42;pcs;True
SYN-REG-CARD-000941;MTR-SYN-REG-000941;KSM-SYN-REG-000941;тройник;равнопроходной;Тройник равнопроходной 219x8-219x8 09Г2С;Тройник равнопроходной 219x8-219x8 09Г2С;200;;;;;;40;09Г2С;К52;газ с H2S и CO2;requires_tu_lnd_passport;;;True;True;У;ГОСТ 17376-2001;ГОСТ 17376-2001;1;pcs;True
SYN-REG-CARD-000942;MTR-SYN-REG-000942;KSM-SYN-REG-000942;тройник;переходный;Тройник переходный 273x10-219x8 20;Тройник переходный 273x10-219x8 20;250;;;;;;40;20;К42;нефть;requires_project_and_passport;;;;True;ХЛ;ГОСТ 17376-2001;ГОСТ 17376-2001;22;pcs;True
SYN-REG-CARD-000943;MTR-SYN-REG-000943;KSM-SYN-REG-000943;тройник;равнопроходной;Тройник равнопроходной 325x10-325x10 09ГСФ;Тройник равнопроходной 325x10-325x10 09ГСФ;300;;;;;;16;09ГСФ;К42;газ с CO2;requires_tu_lnd_passport;;;True;True;УХЛ;ГОСТ 17376-2001;ГОСТ 17376-2001;2;pcs;True
SYN-REG-CARD-000944;MTR-SYN-REG-000944;KSM-SYN-REG-000944;тройник;переходный;Тройник переходный 108x4-76x4 09Г2С;Тройник переходный 108x4-76x4 09Г2С;100;;;;;;40;09Г2С;К56;газ с H2S и CO2;requires_tu_lnd_passport;;;False;True;ХЛ;ГОСТ 17376-2001;ГОСТ 17376-2001;44;pcs;True
SYN-REG-CARD-000945;MTR-SYN-REG-000945;KSM-SYN-REG-000945;тройник;равнопроходной;Тройник равнопроходной 89x4-89x4 09Г2С;Тройник равнопроходной 89x4-89x4 09Г2С;80;;;;;;100;09Г2С;К42;природный газ;requires_project_and_passport;;;;;У;ГОСТ 17376-2001;ГОСТ 17376-2001;24;pcs;True
SYN-REG-CARD-000946;MTR-SYN-REG-000946;KSM-SYN-REG-000946;тройник;переходный;Тройник переходный 159x6-108x4 20;Тройник переходный 159x6-108x4 20;150;;;;;;25;20;К42;коррозионно-активная среда;requires_tu_lnd_passport;;;True;;ХЛ;ГОСТ 17376-2001;ГОСТ 17376-2001;13;pcs;True
SYN-REG-CARD-000947;MTR-SYN-REG-000947;KSM-SYN-REG-000947;тройник;переходный;Тройник переходный 133x5-89x4 20;Тройник переходный 133x5-89x4 20;125;;;;;;160;20;К56;газ с H2S и CO2;requires_tu_lnd_passport;;;True;True;ХЛ;ГОСТ 17376-2001;ГОСТ 17376-2001;36;pcs;True
SYN-REG-CARD-000948;MTR-SYN-REG-000948;KSM-SYN-REG-000948;тройник;переходный;Тройник переходный 159x6-108x4 13ХФА;Тройник переходный 159x6-108x4 13ХФА;150;;;;;;40;13ХФА;К48;коррозионно-активная среда;requires_tu_lnd_passport;;;False;True;УХЛ;ГОСТ 17376-2001;ГОСТ 17376-2001;52;pcs;True
SYN-REG-CARD-000949;MTR-SYN-REG-000949;KSM-SYN-REG-000949;тройник;равнопроходной;Тройник равнопроходной 159x6-159x6 20;Тройник равнопроходной 159x6-159x6 20;150;;;;;;100;20;К52;газ с H2S;requires_tu_lnd_passport;;;True;True;УХЛ;ГОСТ 17376-2001;ГОСТ 17376-2001;39;pcs;True
SYN-REG-CARD-000950;MTR-SYN-REG-000950;KSM-SYN-REG-000950;тройник;равнопроходной;Тройник равнопроходной 159x6-159x6 13ХФА;Тройник равнопроходной 159x6-159x6 13ХФА;150;;;;;;25;13ХФА;К56;газ с H2S и CO2;requires_tu_lnd_passport;;;True;;ХЛ;ГОСТ 17376-2001;ГОСТ 17376-2001;28;pcs;True
SYN-REG-CARD-000951;MTR-SYN-REG-000951;KSM-SYN-REG-000951;тройник;равнопроходной;Тройник равнопроходной 325x10-325x10 13ХФА;Тройник равнопроходной 325x10-325x10 13ХФА;300;;;;;;100;13ХФА;К48;природный газ;requires_project_and_passport;;;True;True;УХЛ;ГОСТ 17376-2001;ГОСТ 17376-2001;53;pcs;True
SYN-REG-CARD-000952;MTR-SYN-REG-000952;KSM-SYN-REG-000952;тройник;равнопроходной;Тройник равнопроходной 108x4-108x4 09ГСФ;Тройник равнопроходной 108x4-108x4 09ГСФ;100;;;;;;160;09ГСФ;К52;газ с CO2;requires_tu_lnd_passport;;;True;True;ХЛ;ГОСТ 17376-2001;ГОСТ 17376-2001;34;pcs;True
SYN-REG-CARD-000953;MTR-SYN-REG-000953;KSM-SYN-REG-000953;тройник;равнопроходной;Тройник равнопроходной 159x6-159x6 13ХФА;Тройник равнопроходной 159x6-159x6 13ХФА;150;;;;;;63;13ХФА;К42;нефть;requires_project_and_passport;;;True;True;У;ГОСТ 17376-2001;ГОСТ 17376-2001;20;pcs;True
SYN-REG-CARD-000954;MTR-SYN-REG-000954;KSM-SYN-REG-000954;тройник;равнопроходной;Тройник равнопроходной 325x10-325x10 13ХФА;Тройник равнопроходной 325x10-325x10 13ХФА;300;;;;;;16;13ХФА;К48;газ с CO2;requires_tu_lnd_passport;;;False;True;У;ГОСТ 17376-2001;ГОСТ 17376-2001;34;pcs;True
SYN-REG-CARD-000955;MTR-SYN-REG-000955;KSM-SYN-REG-000955;тройник;равнопроходной;Тройник равнопроходной 325x10-325x10 09Г2С;Тройник равнопроходной 325x10-325x10 09Г2С;300;;;;;;160;09Г2С;К48;коррозионно-активная среда;requires_tu_lnd_passport;;;False;True;У;ГОСТ 17376-2001;ГОСТ 17376-2001;27;pcs;True
SYN-REG-CARD-000956;MTR-SYN-REG-000956;KSM-SYN-REG-000956;тройник;переходный;Тройник переходный 76x4-57x3 13ХФА;Тройник переходный 76x4-57x3 13ХФА;65;;;;;;100;13ХФА;К52;техническая вода;requires_project_and_passport;;;;False;ХЛ;ГОСТ 17376-2001;ГОСТ 17376-2001;17;pcs;True
SYN-REG-CARD-000957;MTR-SYN-REG-000957;KSM-SYN-REG-000957;тройник;переходный;Тройник переходный 108x4-76x4 09ГСФ;Тройник переходный 108x4-76x4 09ГСФ;100;;;;;;25;09ГСФ;К52;коррозионно-активная среда;requires_tu_lnd_passport;;;True;True;ХЛ;ГОСТ 17376-2001;ГОСТ 17376-2001;20;pcs;True
SYN-REG-CARD-000958;MTR-SYN-REG-000958;KSM-SYN-REG-000958;тройник;равнопроходной;Тройник равнопроходной 76x4-76x4 09ГСФ;Тройник равнопроходной 76x4-76x4 09ГСФ;65;;;;;;63;09ГСФ;К56;газ с CO2;requires_tu_lnd_passport;;;;True;УХЛ;ГОСТ 17376-2001;ГОСТ 17376-2001;4;pcs;True
SYN-REG-CARD-000959;MTR-SYN-REG-000959;KSM-SYN-REG-000959;тройник;равнопроходной;Тройник равнопроходной 273x10-273x10 20;Тройник равнопроходной 273x10-273x10 20;250;;;;;;160;20;К56;нефть;requires_project_and_passport;;;False;True;У;ГОСТ 17376-2001;ГОСТ 17376-2001;8;pcs;True
SYN-REG-CARD-000960;MTR-SYN-REG-000960;KSM-SYN-REG-000960;тройник;переходный;Тройник переходный 133x5-89x4 09Г2С;Тройник переходный 133x5-89x4 09Г2С;125;;;;;;40;09Г2С;К52;нефть;requires_project_and_passport;;;;False;У;ГОСТ 17376-2001;ГОСТ 17376-2001;46;pcs;True
SYN-REG-CARD-000961;MTR-SYN-REG-000961;KSM-SYN-REG-000961;тройник;равнопроходной;Тройник равнопроходной 133x5-133x5 09Г2С;Тройник равнопроходной 133x5-133x5 09Г2С;125;;;;;;63;09Г2С;К42;коррозионно-активная среда;requires_tu_lnd_passport;;;True;True;УХЛ;ГОСТ 17376-2001;ГОСТ 17376-2001;59;pcs;True
SYN-REG-CARD-000962;MTR-SYN-REG-000962;KSM-SYN-REG-000962;тройник;равнопроходной;Тройник равнопроходной 219x8-219x8 09ГСФ;Тройник равнопроходной 219x8-219x8 09ГСФ;200;;;;;;100;09ГСФ;К56;нефть;requires_project_and_passport;;;False;;У;ГОСТ 17376-2001;ГОСТ 17376-2001;59;pcs;True
SYN-REG-CARD-000963;MTR-SYN-REG-000963;KSM-SYN-REG-000963;тройник;переходный;Тройник переходный 108x4-76x4 13ХФА;Тройник переходный 108x4-76x4 13ХФА;100;;;;;;40;13ХФА;К48;газ с H2S и CO2;requires_tu_lnd_passport;;;False;;У;ГОСТ 17376-2001;ГОСТ 17376-2001;18;pcs;True
SYN-REG-CARD-000964;MTR-SYN-REG-000964;KSM-SYN-REG-000964;тройник;равнопроходной;Тройник равнопроходной 133x5-133x5 09Г2С;Тройник равнопроходной 133x5-133x5 09Г2С;125;;;;;;40;09Г2С;К56;техническая вода;requires_project_and_passport;;;False;False;У;ГОСТ 17376-2001;ГОСТ 17376-2001;49;pcs;True
SYN-REG-CARD-000965;MTR-SYN-REG-000965;KSM-SYN-REG-000965;тройник;переходный;Тройник переходный 76x4-57x3 09ГСФ;Тройник переходный 76x4-57x3 09ГСФ;65;;;;;;100;09ГСФ;К48;нефть;requires_project_and_passport;;;False;True;ХЛ;ГОСТ 17376-2001;ГОСТ 17376-2001;77;pcs;True
SYN-REG-CARD-000966;MTR-SYN-REG-000966;KSM-SYN-REG-000966;тройник;равнопроходной;Тройник равнопроходной 89x4-89x4 09ГСФ;Тройник равнопроходной 89x4-89x4 09ГСФ;80;;;;;;25;09ГСФ;К56;газ с H2S и CO2;requires_tu_lnd_passport;;;;True;УХЛ;ГОСТ 17376-2001;ГОСТ 17376-2001;49;pcs;True
SYN-REG-CARD-000967;MTR-SYN-REG-000967;KSM-SYN-REG-000967;тройник;равнопроходной;Тройник равнопроходной 325x10-325x10 09ГСФ;Тройник равнопроходной 325x10-325x10 09ГСФ;300;;;;;;63;09ГСФ;К56;нефть;requires_project_and_passport;;;False;;ХЛ;ГОСТ 17376-2001;ГОСТ 17376-2001;47;pcs;True
SYN-REG-CARD-000968;MTR-SYN-REG-000968;KSM-SYN-REG-000968;тройник;переходный;Тройник переходный 76x4-57x3 20;Тройник переходный 76x4-57x3 20;65;;;;;;63;20;К56;природный газ;requires_project_and_passport;;;True;True;УХЛ;ГОСТ 17376-2001;ГОСТ 17376-2001;43;pcs;True
SYN-REG-CARD-000969;MTR-SYN-REG-000969;KSM-SYN-REG-000969;тройник;равнопроходной;Тройник равнопроходной 89x4-89x4 09ГСФ;Тройник равнопроходной 89x4-89x4 09ГСФ;80;;;;;;100;09ГСФ;К52;коррозионно-активная среда;requires_tu_lnd_passport;;;False;True;ХЛ;ГОСТ 17376-2001;ГОСТ 17376-2001;32;pcs;True
SYN-REG-CARD-000970;MTR-SYN-REG-000970;KSM-SYN-REG-000970;тройник;переходный;Тройник переходный 426x12-325x10 20;Тройник переходный 426x12-325x10 20;400;;;;;;100;20;К56;коррозионно-активная среда;requires_tu_lnd_passport;;;False;True;ХЛ;ГОСТ 17376-2001;ГОСТ 17376-2001;32;pcs;True
SYN-REG-CARD-000971;MTR-SYN-REG-000971;KSM-SYN-REG-000971;тройник;равнопроходной;Тройник равнопроходной 57x3-57x3 20;Тройник равнопроходной 57x3-57x3 20;50;;;;;;16;20;К48;коррозионно-активная среда;requires_tu_lnd_passport;;;True;True;УХЛ;ГОСТ 17376-2001;ГОСТ 17376-2001;80;pcs;True
SYN-REG-CARD-000972;MTR-SYN-REG-000972;KSM-SYN-REG-000972;тройник;равнопроходной;Тройник равнопроходной 159x6-159x6 13ХФА;Тройник равнопроходной 159x6-159x6 13ХФА;150;;;;;;25;13ХФА;К52;природный газ;requires_project_and_passport;;;False;False;У;ГОСТ 17376-2001;ГОСТ 17376-2001;38;pcs;True
SYN-REG-CARD-000973;MTR-SYN-REG-000973;KSM-SYN-REG-000973;тройник;переходный;Тройник переходный 108x4-76x4 09ГСФ;Тройник переходный 108x4-76x4 09ГСФ;100;;;;;;40;09ГСФ;К52;техническая вода;requires_project_and_passport;;;False;True;ХЛ;ГОСТ 17376-2001;ГОСТ 17376-2001;80;pcs;True
SYN-REG-CARD-000974;MTR-SYN-REG-000974;KSM-SYN-REG-000974;тройник;равнопроходной;Тройник равнопроходной 426x12-426x12 13ХФА;Тройник равнопроходной 426x12-426x12 13ХФА;400;;;;;;16;13ХФА;К52;газ с H2S;requires_tu_lnd_passport;;;False;;УХЛ;ГОСТ 17376-2001;ГОСТ 17376-2001;4;pcs;True
SYN-REG-CARD-000975;MTR-SYN-REG-000975;KSM-SYN-REG-000975;тройник;равнопроходной;Тройник равнопроходной 219x8-219x8 09ГСФ;Тройник равнопроходной 219x8-219x8 09ГСФ;200;;;;;;100;09ГСФ;К52;нефть;requires_project_and_passport;;;False;True;УХЛ;ГОСТ 17376-2001;ГОСТ 17376-2001;35;pcs;True
SYN-REG-CARD-000976;MTR-SYN-REG-000976;KSM-SYN-REG-000976;тройник;переходный;Тройник переходный 76x4-57x3 09Г2С;Тройник переходный 76x4-57x3 09Г2С;65;;;;;;25;09Г2С;К48;газ с CO2;requires_tu_lnd_passport;;;False;True;УХЛ;ГОСТ 17376-2001;ГОСТ 17376-2001;28;pcs;True
SYN-REG-CARD-000977;MTR-SYN-REG-000977;KSM-SYN-REG-000977;тройник;переходный;Тройник переходный 108x4-76x4 13ХФА;Тройник переходный 108x4-76x4 13ХФА;100;;;;;;16;13ХФА;К48;газ с H2S и CO2;requires_tu_lnd_passport;;;True;True;У;ГОСТ 17376-2001;ГОСТ 17376-2001;42;pcs;True
SYN-REG-CARD-000978;MTR-SYN-REG-000978;KSM-SYN-REG-000978;тройник;равнопроходной;Тройник равнопроходной 76x4-76x4 20;Тройник равнопроходной 76x4-76x4 20;65;;;;;;40;20;К48;газ с H2S;requires_tu_lnd_passport;;;False;False;ХЛ;ГОСТ 17376-2001;ГОСТ 17376-2001;3;pcs;True
SYN-REG-CARD-000979;MTR-SYN-REG-000979;KSM-SYN-REG-000979;тройник;равнопроходной;Тройник равнопроходной 325x10-325x10 09Г2С;Тройник равнопроходной 325x10-325x10 09Г2С;300;;;;;;160;09Г2С;К48;коррозионно-активная среда;requires_tu_lnd_passport;;;False;False;У;ГОСТ 17376-2001;ГОСТ 17376-2001;45;pcs;True
SYN-REG-CARD-000980;MTR-SYN-REG-000980;KSM-SYN-REG-000980;тройник;равнопроходной;Тройник равнопроходной 426x12-426x12 20;Тройник равнопроходной 426x12-426x12 20;400;;;;;;63;20;К48;газ с H2S и CO2;requires_tu_lnd_passport;;;False;True;У;ГОСТ 17376-2001;ГОСТ 17376-2001;10;pcs;True
SYN-REG-CARD-000981;MTR-SYN-REG-000981;KSM-SYN-REG-000981;тройник;равнопроходной;Тройник равнопроходной 426x12-426x12 09ГСФ;Тройник равнопроходной 426x12-426x12 09ГСФ;400;;;;;;16;09ГСФ;К52;газ с H2S;requires_tu_lnd_passport;;;False;True;УХЛ;ГОСТ 17376-2001;ГОСТ 17376-2001;72;pcs;True
SYN-REG-CARD-000982;MTR-SYN-REG-000982;KSM-SYN-REG-000982;тройник;переходный;Тройник переходный 159x6-108x4 09ГСФ;Тройник переходный 159x6-108x4 09ГСФ;150;;;;;;160;09ГСФ;К42;коррозионно-активная среда;requires_tu_lnd_passport;;;;True;У;ГОСТ 17376-2001;ГОСТ 17376-2001;65;pcs;True
SYN-REG-CARD-000983;MTR-SYN-REG-000983;KSM-SYN-REG-000983;тройник;равнопроходной;Тройник равнопроходной 133x5-133x5 13ХФА;Тройник равнопроходной 133x5-133x5 13ХФА;125;;;;;;100;13ХФА;К48;нефть;requires_project_and_passport;;;False;True;ХЛ;ГОСТ 17376-2001;ГОСТ 17376-2001;52;pcs;True
SYN-REG-CARD-000984;MTR-SYN-REG-000984;KSM-SYN-REG-000984;тройник;равнопроходной;Тройник равнопроходной 159x6-159x6 13ХФА;Тройник равнопроходной 159x6-159x6 13ХФА;150;;;;;;16;13ХФА;К48;газ с H2S;requires_tu_lnd_passport;;;;True;ХЛ;ГОСТ 17376-2001;ГОСТ 17376-2001;19;pcs;True
SYN-REG-CARD-000985;MTR-SYN-REG-000985;KSM-SYN-REG-000985;тройник;равнопроходной;Тройник равнопроходной 133x5-133x5 09ГСФ;Тройник равнопроходной 133x5-133x5 09ГСФ;125;;;;;;160;09ГСФ;К42;газ с H2S и CO2;requires_tu_lnd_passport;;;;;УХЛ;ГОСТ 17376-2001;ГОСТ 17376-2001;0;pcs;True
SYN-REG-CARD-000986;MTR-SYN-REG-000986;KSM-SYN-REG-000986;тройник;переходный;Тройник переходный 219x8-159x6 20;Тройник переходный 219x8-159x6 20;200;;;;;;63;20;К56;нефть;requires_project_and_passport;;;True;True;ХЛ;ГОСТ 17376-2001;ГОСТ 17376-2001;53;pcs;True
SYN-REG-CARD-000987;MTR-SYN-REG-000987;KSM-SYN-REG-000987;тройник;переходный;Тройник переходный 273x10-219x8 13ХФА;Тройник переходный 273x10-219x8 13ХФА;250;;;;;;100;13ХФА;К48;газ с H2S и CO2;requires_tu_lnd_passport;;;False;True;ХЛ;ГОСТ 17376-2001;ГОСТ 17376-2001;76;pcs;True
SYN-REG-CARD-000988;MTR-SYN-REG-000988;KSM-SYN-REG-000988;тройник;переходный;Тройник переходный 133x5-89x4 20;Тройник переходный 133x5-89x4 20;125;;;;;;160;20;К52;газ с CO2;requires_tu_lnd_passport;;;True;True;УХЛ;ГОСТ 17376-2001;ГОСТ 17376-2001;57;pcs;True
SYN-REG-CARD-000989;MTR-SYN-REG-000989;KSM-SYN-REG-000989;тройник;равнопроходной;Тройник равнопроходной 133x5-133x5 20;Тройник равнопроходной 133x5-133x5 20;125;;;;;;63;20;К48;техническая вода;requires_project_and_passport;;;True;True;У;ГОСТ 17376-2001;ГОСТ 17376-2001;35;pcs;True
SYN-REG-CARD-000990;MTR-SYN-REG-000990;KSM-SYN-REG-000990;тройник;переходный;Тройник переходный 426x12-325x10 20;Тройник переходный 426x12-325x10 20;400;;;;;;100;20;К56;газ с H2S и CO2;requires_tu_lnd_passport;;;False;True;УХЛ;ГОСТ 17376-2001;ГОСТ 17376-2001;74;pcs;True
SYN-REG-CARD-000991;MTR-SYN-REG-000991;KSM-SYN-REG-000991;тройник;равнопроходной;Тройник равнопроходной 57x3-57x3 09ГСФ;Тройник равнопроходной 57x3-57x3 09ГСФ;50;;;;;;25;09ГСФ;К56;коррозионно-активная среда;requires_tu_lnd_passport;;;False;;ХЛ;ГОСТ 17376-2001;ГОСТ 17376-2001;15;pcs;True
SYN-REG-CARD-000992;MTR-SYN-REG-000992;KSM-SYN-REG-000992;тройник;переходный;Тройник переходный 76x4-57x3 09ГСФ;Тройник переходный 76x4-57x3 09ГСФ;65;;;;;;63;09ГСФ;К42;коррозионно-активная среда;requires_tu_lnd_passport;;;False;True;У;ГОСТ 17376-2001;ГОСТ 17376-2001;65;pcs;True
SYN-REG-CARD-000993;MTR-SYN-REG-000993;KSM-SYN-REG-000993;тройник;переходный;Тройник переходный 89x4-57x3 13ХФА;Тройник переходный 89x4-57x3 13ХФА;80;;;;;;63;13ХФА;К52;газ с CO2;requires_tu_lnd_passport;;;True;True;ХЛ;ГОСТ 17376-2001;ГОСТ 17376-2001;23;pcs;True
SYN-REG-CARD-000994;MTR-SYN-REG-000994;KSM-SYN-REG-000994;тройник;равнопроходной;Тройник равнопроходной 57x3-57x3 13ХФА;Тройник равнопроходной 57x3-57x3 13ХФА;50;;;;;;16;13ХФА;К56;коррозионно-активная среда;requires_tu_lnd_passport;;;False;True;У;ГОСТ 17376-2001;ГОСТ 17376-2001;47;pcs;True
SYN-REG-CARD-000995;MTR-SYN-REG-000995;KSM-SYN-REG-000995;тройник;равнопроходной;Тройник равнопроходной 108x4-108x4 09ГСФ;Тройник равнопроходной 108x4-108x4 09ГСФ;100;;;;;;160;09ГСФ;К42;техническая вода;requires_project_and_passport;;;False;False;ХЛ;ГОСТ 17376-2001;ГОСТ 17376-2001;21;pcs;True
SYN-REG-CARD-000996;MTR-SYN-REG-000996;KSM-SYN-REG-000996;тройник;переходный;Тройник переходный 133x5-89x4 20;Тройник переходный 133x5-89x4 20;125;;;;;;63;20;К48;природный газ;requires_project_and_passport;;;True;True;ХЛ;ГОСТ 17376-2001;ГОСТ 17376-2001;44;pcs;True
SYN-REG-CARD-000997;MTR-SYN-REG-000997;KSM-SYN-REG-000997;тройник;переходный;Тройник переходный 325x10-219x8 20;Тройник переходный 325x10-219x8 20;300;;;;;;16;20;К48;коррозионно-активная среда;requires_tu_lnd_passport;;;;False;ХЛ;ГОСТ 17376-2001;ГОСТ 17376-2001;28;pcs;True
SYN-REG-CARD-000998;MTR-SYN-REG-000998;KSM-SYN-REG-000998;тройник;равнопроходной;Тройник равнопроходной 273x10-273x10 09Г2С;Тройник равнопроходной 273x10-273x10 09Г2С;250;;;;;;16;09Г2С;К56;коррозионно-активная среда;requires_tu_lnd_passport;;;True;True;У;ГОСТ 17376-2001;ГОСТ 17376-2001;4;pcs;True
SYN-REG-CARD-000999;MTR-SYN-REG-000999;KSM-SYN-REG-000999;тройник;переходный;Тройник переходный 133x5-89x4 09Г2С;Тройник переходный 133x5-89x4 09Г2С;125;;;;;;160;09Г2С;К56;нефть;requires_project_and_passport;;;False;False;ХЛ;ГОСТ 17376-2001;ГОСТ 17376-2001;15;pcs;True
SYN-REG-CARD-001000;MTR-SYN-REG-001000;KSM-SYN-REG-001000;тройник;равнопроходной;Тройник равнопроходной 57x3-57x3 09Г2С;Тройник равнопроходной 57x3-57x3 09Г2С;50;;;;;;16;09Г2С;К48;нефть;requires_project_and_passport;;;True;True;У;ГОСТ 17376-2001;ГОСТ 17376-2001;26;pcs;True
